Id,Title,Language,Year,Search Category,Display Type,Freely Available,Is Pay Per View,Subscription Tiers Permitted
658409b73fafed0c898ae120,Devrani Jethani Aur Woh - Tamil,Tamil,2023,movie,MEDIA,False,False,"['gold', 'silver']"
658409bfa06deb0c750d7927,Devrani Jethani Aur Woh - Telugu,Telugu,2023,movie,MEDIA,False,False,"['gold', 'silver']"
656eef62fcb2820c8b16e19c,Rikshawala,Hindi,2023,movie,MEDIA,False,False,"['gold', 'silver']"
657ff03765bb1d0c9bffa01b,Rain Basera,Hindi,2023,movie,MEDIA,False,False,"['gold', 'silver']"
657ffaf365bb1d0c9b00145c,Rain Basera - Tamil,Tamil,2023,movie,MEDIA,False,False,"['gold', 'silver']"
657ffafc65bb1d0c9b0014c3,Rain Basera - Telugu,Telugu,2023,movie,MEDIA,False,False,"['gold', 'silver']"
64a6e165bc66910beb8db8c5,Guardian,Hindi,2023,series,MEDIA,True,False,"['gold', 'silver']"
65798515e6b90b0c74e7874a,Raja Ka Baja,Hindi,2023,series,MEDIA,True,False,"['gold', 'silver']"
65798731e6b90b0c74e79f79,Zaroorat,Hindi,2023,series,MEDIA,True,False,"['gold', 'silver']"
654505b08e4c2a0c6f69e5d3,Malai,Hindi,2023,movie,MEDIA,False,False,"['gold', 'silver']"
65450b99d3a31e0c6af1a048,Malai - Tamil,Tamil,2023,movie,MEDIA,False,False,"['gold', 'silver']"
65450ba9a5682a0c6d916009,Malai - Telugu,Telugu,2023,movie,MEDIA,False,False,"['gold', 'silver']"
658ac1b2edc02d0c93d66bfa,Badan,Hindi,2023,movie,MEDIA,False,False,"['gold', 'silver']"
64133c40af6fe80bc15d95e2,Riti Riwaj ( Water Wives ),Hindi,2023,series,MEDIA,True,False,"['gold', 'silver']"
654b6fb1aaaed70c673c9fb6,Secretary,Hindi,2023,movie,MEDIA,False,False,"['gold', 'silver']"
654b71e99e5f3e0c8caa6de1,Secretary - Tamil,Tamil,2023,movie,MEDIA,False,False,"['gold', 'silver']"
654b7202aaaed70c673caeae,Secretary - Telugu,Telugu,2023,movie,MEDIA,False,False,"['gold', 'silver']"
6540ce94a94f630c6f1d00db,Mohan Chabhiwala,Hindi,2023,movie,MEDIA,False,False,"['gold', 'silver']"
63fc68e50a73880bccc6f543,Nishabd (Pyaar Manga Hai Tumhi Se ),Hindi,2023,movie,MEDIA,True,False,"['gold', 'silver']"
649492205206220bcfc509c0,Khidki,Hindi,2023,movie,MEDIA,False,False,"['gold', 'silver']"
64955a4f0b1c620bdfa4c54e,Khidki - Tamil,Tamil,2023,movie,MEDIA,False,False,"['gold', 'silver']"
649570947a76840bb8fcf3c6,Khidki - Telugu,Telugu,2023,movie,MEDIA,False,False,"['gold', 'silver']"
6544f4e1d3a31e0c6af12054,Love Guru - Season 2,Hindi,2023,series,MEDIA,False,False,"['gold', 'silver']"
6544f6abdc92290c6d8a0c39,Love Guru - Season 2 - Tamil,Tamil,2023,series,MEDIA,False,False,"['gold', 'silver']"
6544f6badc92290c6d8a0c94,Love Guru - Season 2 - Telugu,Telugu,2023,series,MEDIA,False,False,"['gold', 'silver']"
63ee474e51fa870be6dca024,Auction,Hindi,2023,series,MEDIA,True,False,"['gold', 'silver']"
649403aa41ac0a0bd13a7a1a,Farebi Yaar,Hindi,2023,movie,MEDIA,False,False,"['gold', 'silver']"
64944a4bb108c90be34edfd5,Farebi Yaar - Tamil,Tamil,2023,movie,MEDIA,False,False,"['gold', 'silver']"
649455bcb108c90be34f01b1,Farebi Yaar - Telugu,Telugu,2023,movie,MEDIA,False,False,"['gold', 'silver']"
654ba1885332e90c8686c54d,Watchman,Hindi,2023,movie,MEDIA,False,False,"['gold', 'silver']"
6565ab7530c59c0c714f739e,Watchman - Tamil,Tamil,2023,movie,MEDIA,False,False,"['gold', 'silver']"
6565ab7f30c59c0c714f7419,Watchman - Telugu,Telugu,2023,movie,MEDIA,False,False,"['gold', 'silver']"
64f19da5ba59f40bef9110d9,Jane Anjane Mein 6,Hindi,2023,series,MEDIA,False,False,"['gold', 'silver']"
64f2dd287f675b0bd0a8c8cb,Jane Anjane Mein 6 - Tamil,Tamil,2023,series,MEDIA,False,False,"['gold', 'silver']"
64f2e017898c4b0bd8c016b6,Jane Anjane Mein 6 - Telugu,Telugu,2023,series,MEDIA,False,False,"['gold', 'silver']"
6495976f7a76840bb8fdb099,Imli,Hindi,2023,movie,MEDIA,False,False,"['gold', 'silver']"
64959d63b8f04a0bdde4f03f,Imli - Tamil,Tamil,2023,movie,MEDIA,False,False,"['gold', 'silver']"
6495a24d5206220bcfca9360,Imli - Telugu,Telugu,2023,movie,MEDIA,False,False,"['gold', 'silver']"
6545ec369034c10c883c6dc9,Namak,Hindi,2023,movie,MEDIA,False,False,"['gold', 'silver']"
654608469034c10c883d433b,Namak - Tamil,Tamil,2023,movie,MEDIA,False,False,"['gold', 'silver']"
654608588750390c6bf890c2,Namak - Telugu,Telugu,2023,movie,MEDIA,False,False,"['gold', 'silver']"
65460b418e4c2a0c6f712781,Namak - Bengali,Bengali,2023,movie,MEDIA,False,False,"['gold', 'silver']"
653fb0c9b38f0f0c6979d32a,I Love You,Hindi,2023,movie,MEDIA,False,False,"['gold', 'silver']"
653f85ba35aa8a0c69565d4f,Doraha,Hindi,2022,movie,MEDIA,False,False,"['gold', 'silver']"
653f984eb38f0f0c69795abc,Doraha - Tamil,Tamil,2022,movie,MEDIA,False,False,"['gold', 'silver']"
653f98784256040c6bc1102a,Doraha - Telugu,Telugu,2022,movie,MEDIA,False,False,"['gold', 'silver']"
653f9b4835aa8a0c6956d996,Doraha - Bengali,Bengali,2022,movie,MEDIA,False,False,"['gold', 'silver']"
649966f65206220bcfde4ef5,Love Guru,Hindi,2022,movie,MEDIA,False,False,"['gold', 'silver']"
6544ecd98750390c6bf0fd94,Love Guru - Tamil,Tamil,2022,movie,MEDIA,False,False,"['gold', 'silver']"
6544ece6dc92290c6d89d6cc,Love Guru - Telugu,Telugu,2022,movie,MEDIA,False,False,"['gold', 'silver']"
65362f8eae71eb0c6014afd3,Dil - Do,Hindi,2022,movie,MEDIA,False,False,"['gold', 'silver']"
65391b98c046da0c62d37b5e,Dil - Do - Tamil,Tamil,2022,movie,MEDIA,False,False,"['gold', 'silver']"
65391ba9eda66c0c6d9d133c,Dil - Do - Telugu,Telugu,2022,movie,MEDIA,False,False,"['gold', 'silver']"
6502e8008cecfa0bd8ac887c,Siskiyaan - Season 3,Hindi,2022,series,MEDIA,False,False,"['gold', 'silver']"
652176e0dd7bf20c8b0473c1,Siskiyaan - Season 3 - Tamil,Tamil,2022,series,MEDIA,False,False,"['gold', 'silver']"
652176ee1f366a0c76bd1788,Siskiyaan - Season 3 - Telugu,Telugu,2022,series,MEDIA,False,False,"['gold', 'silver']"
653fb46e35aa8a0c6957575d,Jabran,Hindi,2022,movie,MEDIA,False,False,"['gold', 'silver']"
60914e541db10a0c6dfa442a,Mallika,Hindi,2019,series,MEDIA,True,False,"['gold', 'silver']"
6540ed120818de0c6d4a603b,Ishqiyapa,Hindi,2022,movie,MEDIA,False,False,"['gold', 'silver']"
653fa6f84256040c6bc158a9,Honey Trap,Hindi,2022,movie,MEDIA,False,False,"['gold', 'silver']"
653faa2c4256040c6bc167f1,Honey Trap - Tamil,Tamil,2022,movie,MEDIA,False,False,"['gold', 'silver']"
653faa3535aa8a0c69572554,Honey Trap - Telugu,Telugu,2022,movie,MEDIA,False,False,"['gold', 'silver']"
6548aeb8995b4e0c61efaff6,Takk,Hindi,2022,movie,MEDIA,False,False,"['gold', 'silver']"
6548b15b9034c10c88533acf,Takk - Tamil,Tamil,2022,movie,MEDIA,False,False,"['gold', 'silver']"
6548b1846953900c75e09f9d,Takk - Telugu,Telugu,2022,movie,MEDIA,False,False,"['gold', 'silver']"
6548b49e995b4e0c61efe3e7,Teekhi Chutney,Hindi,2022,movie,MEDIA,False,False,"['gold', 'silver']"
6548c39f9034c10c8853de17,Teekhi Chutney - Tamil,Tamil,2022,movie,MEDIA,False,False,"['gold', 'silver']"
6548c3b59034c10c8853deb9,Teekhi Chutney - Telugu,Telugu,2022,movie,MEDIA,False,False,"['gold', 'silver']"
64f59de4a273710bb4065f1b,Bidaai - Season 1,Hindi,2022,series,MEDIA,False,False,"['gold', 'silver']"
64fedad9bfc9bd0be683d2aa,Bidaai - Season 1 - Tamil,Tamil,2022,series,MEDIA,False,False,"['gold', 'silver']"
64fee0f966b3030bed1a1407,Bidaai - Season 1 - Telugu,Telugu,2022,series,MEDIA,False,False,"['gold', 'silver']"
65464c96d3a31e0c6afabd98,Sultan,Hindi,2022,movie,MEDIA,False,False,"['gold', 'silver']"
65464f20a5682a0c6d9a671d,Sultan - Tamil,Tamil,2022,movie,MEDIA,False,False,"['gold', 'silver']"
65464f28d3a31e0c6afad108,Sultan - Telugu,Telugu,2022,movie,MEDIA,False,False,"['gold', 'silver']"
6540dcc3e6f63a0c7c578697,Lady Finger,Hindi,2022,movie,MEDIA,False,False,"['gold', 'silver']"
6540de2ee6f63a0c7c579012,Lady Finger - Tamil,Tamil,2022,movie,MEDIA,False,False,"['gold', 'silver']"
6540de3a0818de0c6d4a016b,Lady Finger - Telugu,Telugu,2022,movie,MEDIA,False,False,"['gold', 'silver']"
6548de6c995b4e0c61f14b57,Walkman,Hindi,2022,movie,MEDIA,False,False,"['gold', 'silver']"
6548e1836953900c75e23328,Walkman - Tamil,Tamil,2022,movie,MEDIA,False,False,"['gold', 'silver']"
6548e19d6953900c75e233eb,Walkman - Telugu,Telugu,2022,movie,MEDIA,False,False,"['gold', 'silver']"
64f06c1a9fcd370be3467791,Tapan,Hindi,2022,movie,MEDIA,False,False,"['gold', 'silver']"
64f087a7898c4b0bd8b5013d,Tapan - Tamil,Tamil,2022,movie,MEDIA,False,False,"['gold', 'silver']"
64f087c3ba59f40bef8b8b39,Tapan - Telugu,Telugu,2022,movie,MEDIA,False,False,"['gold', 'silver']"
654634e7dc92290c6d9325fc,Shahad,Hindi,2022,movie,MEDIA,False,False,"['gold', 'silver']"
65463674dc92290c6d933261,Shahad - Tamil,Tamil,2022,movie,MEDIA,False,False,"['gold', 'silver']"
65463680dc92290c6d9332c3,Shahad - Telugu,Telugu,2022,movie,MEDIA,False,False,"['gold', 'silver']"
6540dac835aa8a0c695fef24,Samne Wali Khidki,Hindi,2022,movie,MEDIA,False,False,"['gold', 'silver']"
6502b63295ad1c0bf8d436bb,Siskiyaan - Season 2,Hindi,2022,series,MEDIA,False,False,"['gold', 'silver']"
652171badd7bf20c8b045fd9,Siskiyaan - Season 2 - Tamil,Tamil,2022,series,MEDIA,False,False,"['gold', 'silver']"
652171d356ead00c76c849df,Siskiyaan - Season 2 - Telugu,Telugu,2022,series,MEDIA,False,False,"['gold', 'silver']"
630c92fda5cbb00bdc50792b,Zaroorat - Season 2,Hindi,2022,series,MEDIA,False,False,"['gold', 'silver']"
637ba561428ee80be1d80b7c,Zaroorat - Season 2 - Tamil,Tamil,2022,series,MEDIA,False,False,"['gold', 'silver']"
637ba9b66daa370bc69062ea,Zaroorat - Season 2 - Telugu,Telugu,2022,series,MEDIA,False,False,"['gold', 'silver']"
6317565f21286c0bf884b41e,Matki,Hindi,2022,movie,MEDIA,False,False,"['gold', 'silver']"
631759d7248a110bba5cc29a,Matki - Tamil,Tamil,2022,movie,MEDIA,False,False,"['gold', 'silver']"
6317630421286c0bf884d9e7,Matki - Telugu,Telugu,2022,movie,MEDIA,False,False,"['gold', 'silver']"
63284ddd67c3240bdc8af5fc,Khoon Bhari Maang,Hindi,2022,movie,MEDIA,False,False,"['gold', 'silver']"
632856e47dc59d0bd7909474,Khoon Bhari Maang - Tamil,Tamil,2022,movie,MEDIA,False,False,"['gold', 'silver']"
63285fd78beff70be9eaa94f,Khoon Bhari Maang - Telugu,Telugu,2022,movie,MEDIA,False,False,"['gold', 'silver']"
6315bb1bc5ac400bc1c8362e,Sursuri-Li,Hindi,2022,movie,MEDIA,False,False,"['gold', 'silver']"
62f4ee0ee993990bbbadedc1,Chawl House - 3,Hindi,2022,series,MEDIA,False,False,"['gold', 'silver']"
62f4f68416c3a90badecd61a,Chawl House - 3 - Tamil,Tamil,2022,series,MEDIA,False,False,"['gold', 'silver']"
62f4fec10ef5590be6cf7167,Chawl House - 3 - Telugu,Telugu,2022,series,MEDIA,False,False,"['gold', 'silver']"
62ebcbb4ed59dd0c10e8b7a3,Siskiyaan,Hindi,2022,movie,MEDIA,False,False,"['gold', 'silver']"
62ebd403ed59dd0c10e8d0ae,Siskiyaan - Tamil,Tamil,2022,movie,MEDIA,False,False,"['gold', 'silver']"
62ebdaa5be4b900bd9911a99,Siskiyaan - Telugu,Telugu,2022,movie,MEDIA,False,False,"['gold', 'silver']"
64f2e4dc898c4b0bd8c02b1b,Tawa Garam,Hindi,2022,movie,MEDIA,False,False,"['gold', 'silver']"
64f323a9687a660bcdea643e,Tawa Garam - Tamil,Tamil,2022,movie,MEDIA,False,False,"['gold', 'silver']"
64f323b97f675b0bd0aa11d1,Tawa Garam - Telugu,Telugu,2022,movie,MEDIA,False,False,"['gold', 'silver']"
62e277f3b15b480bd668c369,Titliyaan - Part 2,Hindi,2022,series,MEDIA,False,False,"['gold', 'silver']"
62e279e8c3cb3f0bebcc7c3a,Titliyaan - Part 2 -Tamil,Tamil,2022,series,MEDIA,False,False,"['gold', 'silver']"
62e27bb9b15b480bd668d02d,Titliyaan - Part 2 -Telugu,Telugu,2022,series,MEDIA,False,False,"['gold', 'silver']"
6310753a0b90400bd3c38ea7,Tauba Tauba,Hindi,2022,movie,MEDIA,False,False,"['gold', 'silver']"
62d9787bbc7c900be423b08b,Titliyaan - Part 1,Hindi,2022,series,MEDIA,False,False,"['gold', 'silver']"
62d99efd5143ac0bda160647,Titliyaan - Part 1 -Tamil,Tamil,2022,series,MEDIA,False,False,"['gold', 'silver']"
62d9a394976d6c0bd133bb01,Titliyaan - Part 1 -Telugu,Telugu,2022,series,MEDIA,False,False,"['gold', 'silver']"
6491c95fe027480d29434654,Tauba Tauba - Tamil,Tamil,2022,movie,MEDIA,False,False,"['gold', 'silver']"
6491cfebe027480d294362f1,Tauba Tauba - Telugu,Telugu,2022,movie,MEDIA,False,False,"['gold', 'silver']"
6319bf66248a110bba66cf85,Choodiwala,Hindi,2022,movie,MEDIA,False,False,"['gold', 'silver']"
6493f498c94cbb0be66613b7,Choodiwala - Tamil,Tamil,2022,movie,MEDIA,False,False,"['gold', 'silver']"
6493fb15f2a4230be8c09c30,Choodiwala - Telugu,Telugu,2022,movie,MEDIA,False,False,"['gold', 'silver']"
62b42cfdc262680bed52e044,Dunali (Season 2) - Part-3,Hindi,2022,series,MEDIA,False,False,"['gold', 'silver']"
62b42fadc262680bed52ed97,Dunali (Season 2) - Part-3 - Tamil,Tamil,2022,series,MEDIA,False,False,"['gold', 'silver']"
62b4766c0cc78b0bba64b64a,Dunali (Season 2) - Part-3 - Telugu,Telugu,2022,series,MEDIA,False,False,"['gold', 'silver']"
64929e31d40ea60bbb3a86d3,Jaal,Hindi,2022,movie,MEDIA,False,False,"['gold', 'silver']"
62ab3cd98e16b70bd5aea0bf,Dunali (Season 2) - Part-2,Hindi,2022,series,MEDIA,False,False,"['gold', 'silver']"
62ab3f09c65aca0be08573e0,Dunali (Season 2) - Part-2 - Tamil,Tamil,2022,series,MEDIA,False,False,"['gold', 'silver']"
62ab40fecc88300bca1f0bc0,Dunali (Season 2) - Part-2 - Telugu,Telugu,2022,series,MEDIA,False,False,"['gold', 'silver']"
62a1c3ef29837e0bcebbd252,Dunali (Season 2) - Part-1,Hindi,2022,series,MEDIA,False,False,"['gold', 'silver']"
649439e0f3b0a60cc823e10e,Damaad Ji - Season 2,Hindi,2022,series,MEDIA,False,False,"['gold', 'silver']"
649441e37a76840bb8f6ebfb,Damaad Ji - Season 2 - Tamil,Tamil,2022,series,MEDIA,False,False,"['gold', 'silver']"
649447151d00490d0c6ab03c,Damaad Ji - Season 2 - Telugu,Telugu,2022,series,MEDIA,False,False,"['gold', 'silver']"
629476cf46e39a0bf6fab472,Wrong Turn (Part-2),Hindi,2022,series,MEDIA,False,False,"['gold', 'silver']"
62a47b9e29837e0bcecb4a07,Wrong Turn (Part-2) - Tamil,Tamil,2022,series,MEDIA,False,False,"['gold', 'silver']"
62a47d1b29837e0bcecb542f,Wrong Turn (Part-2) - Telugu,Telugu,2022,series,MEDIA,False,False,"['gold', 'silver']"
64ef2b76523cd00bec51cb46,Jane Anjane Mein 5,Hindi,2022,series,MEDIA,False,False,"['gold', 'silver']"
64ef47d2898c4b0bd8b02f82,Jane Anjane Mein 5 - Tamil,Tamil,2022,series,MEDIA,False,False,"['gold', 'silver']"
64ef47df898c4b0bd8b02fa0,Jane Anjane Mein 5 - Telugu,Telugu,2022,series,MEDIA,False,False,"['gold', 'silver']"
628b88c323e9aa0bdde361af,Wrong Turn (Part-1),Hindi,2022,series,MEDIA,False,False,"['gold', 'silver']"
62a4440b8e16b70bd58d55f6,Wrong Turn (Part-1) - Tamil,Tamil,2022,series,MEDIA,False,False,"['gold', 'silver']"
62a4475029837e0bcec99ffb,Wrong Turn (Part-1) - Telugu,Telugu,2022,series,MEDIA,False,False,"['gold', 'silver']"
6492b13257d56c0bedc1a90d,Julie Season 2,Hindi,2022,series,MEDIA,False,False,"['gold', 'silver']"
649480417a76840bb8f7bde6,Julie Season 2 - Tamil,Tamil,2022,series,MEDIA,False,False,"['gold', 'silver']"
649483e71d00490d0c6b875b,Julie Season 2 - Telugu,Telugu,2022,series,MEDIA,False,False,"['gold', 'silver']"
6596603c0056e00c874c7b76,Jaghanya (Gaddar),Hindi,2022,movie,MEDIA,False,False,"['gold', 'silver']"
659924ec94e9ad0c795ba19b,Size Matters 2,Hindi,2022,series,MEDIA,False,False,"['gold', 'silver']"
6273e25194f3ea0bb8e176f6,Raja Ka Baja,Hindi,2022,series,MEDIA,False,False,"['gold', 'silver']"
62a2edee247da00bbe28ac94,Raja Ka Baja - Tamil,Tamil,2022,movie,MEDIA,False,False,"['gold', 'silver']"
62a2f743247da00bbe28e90d,Raja Ka Baja - Telugu,Telugu,2022,movie,MEDIA,False,False,"['gold', 'silver']"
626fe4510e64b70c0c463598,Love Next Door,Hindi,2022,movie,MEDIA,False,False,"['gold', 'silver']"
62b1ad128901c00bdcce6f54,Love Next Door - Tamil,Tamil,2022,movie,MEDIA,False,False,"['gold', 'silver']"
62b1b0510cc78b0bba580a7c,Love Next Door - Telugu,Telugu,2022,movie,MEDIA,False,False,"['gold', 'silver']"
626a93a89f91b15daa58b3b5,Saree Ki Dukaan,Hindi,2022,movie,MEDIA,False,False,"['gold', 'silver']"
626a9bba9a82636cf4033a98,Saree Ki Dukaan - English,English,2022,movie,MEDIA,False,False,"['gold', 'silver']"
626aa5569a82636cf4034faf,Saree Ki Dukaan - Bhojpuri,Bhojpuri,2022,movie,MEDIA,False,False,"['gold', 'silver']"
626aa5db9a82636cf40350eb,Saree Ki Dukaan - Tamil,Tamil,2022,movie,MEDIA,False,False,"['gold', 'silver']"
626aa8e5291ab96006e567e4,Saree Ki Dukaan - Kannada,Kannada,2022,movie,MEDIA,False,False,"['gold', 'silver']"
626aa91e7cde9c0be8749631,Saree Ki Dukaan - Telugu,Telugu,2022,movie,MEDIA,False,False,"['gold', 'silver']"
626abcb030cf906f5605c671,Saree Ki Dukaan - Malayalam,Malayalam,2022,movie,MEDIA,False,False,"['gold', 'silver']"
6266a28a9a82636cf4f00a71,Jhumke,Hindi,2022,movie,MEDIA,False,False,"['gold', 'silver']"
625d6602291ab96006aa1a4c,Zaroorat,Hindi,2022,series,MEDIA,False,False,"['gold', 'silver']"
625d693c291ab96006aa2234,Zaroorat - Tamil,Tamil,2022,movie,MEDIA,False,False,"['gold', 'silver']"
625d6a9930cf906f56c9d59d,Zaroorat - Telugu,Telugu,2022,movie,MEDIA,False,False,"['gold', 'silver']"
625950d99a82636cf4b1fa54,Pagg Ban Ke,Hindi,2022,movie,MEDIA,True,False,"['gold', 'silver']"
62543ad49f91b13655342690,Jaghanya (Kuttey Ki Maut),Hindi,2022,movie,MEDIA,False,False,"['gold', 'silver']"
6496b58c5206220bcfd0699a,Jalebi Bai,Hindi,2022,movie,MEDIA,False,False,"['gold', 'silver']"
6496c745b108c90be35b93d6,Jalebi Bai - Tamil,Tamil,2022,movie,MEDIA,False,False,"['gold', 'silver']"
6496d4875206220bcfd13319,Jalebi Bai - Telugu,Telugu,2022,movie,MEDIA,False,False,"['gold', 'silver']"
624af87ef571210be5582468,King's Man,Hindi,2022,series,MEDIA,False,False,"['gold', 'silver']"
646b4c58206d930bd373326c,King's Man,Hindi,2023,series,MEDIA,True,False,['silver']
659be2c86070700c708b7f0d,Patra Petika,Hindi,2022,movie,MEDIA,False,False,"['gold', 'silver']"
659be8cfc655890c8f5fa70a,Patra Petika - Tamil,Tamil,2022,movie,MEDIA,False,False,"['gold', 'silver']"
659be8d8f19f110c85adb2f3,Patra Petika - Telugu,Telugu,2022,movie,MEDIA,False,False,"['gold', 'silver']"
623830927475490b96dd5a17,Kavita Bhabhi Season 3 (Part 4),Hindi,2022,series,MEDIA,False,False,"['gold', 'silver']"
623831cfd5345f0bca9f734e,Kavita Bhabhi Season 3 (Part 4) - Bhojpuri,Bhojpuri,2022,series,MEDIA,False,False,"['gold', 'silver']"
623832d8b4c7770bb00b8d05,Kavita Bhabhi Season 3 (Part 4) - English,English,2022,series,MEDIA,False,False,"['gold', 'silver']"
62388a472508bd0bd4448f71,Kavita Bhabhi Season 3 ( Part 4 ) - Tamil,Tamil,2022,series,MEDIA,False,False,"['gold', 'silver']"
62388d82d5345f0bcaa0a4cb,Kavita Bhabhi Season 3 ( Part 4 ) - Telugu,Telugu,2022,series,MEDIA,False,False,"['gold', 'silver']"
64a7cb4cbcfbc80bd7823f1c,Mini Bomb,Hindi,2022,movie,MEDIA,False,False,"['gold', 'silver']"
65216681dd7bf20c8b043739,Maa Devrani Beti Jethani,Hindi,2022,movie,MEDIA,False,False,"['gold', 'silver']"
65244371dd7bf20c8b1241a6,Maa Devrani Beti Jethani - Tamil,Tamil,2022,movie,MEDIA,False,False,"['gold', 'silver']"
6524438376aceb0c6f00c589,Maa Devrani Beti Jethani - Telugu,Telugu,2022,movie,MEDIA,False,False,"['gold', 'silver']"
6226199e247f6f0bbd448272,Lahore Diaries (Part-2),Hindi,2022,series,MEDIA,False,False,"['gold', 'silver']"
6220c0b8249eb30b99947be6,"Beta Aashiq, Baap Ayyash ",Hindi,2022,movie,MEDIA,False,False,"['gold', 'silver']"
6220cd3dd85f160bb4334eb7,"Beta Aashiq, Baap Ayyash - Tamil",Tamil,2022,movie,MEDIA,False,False,"['gold', 'silver']"
6220d2e8249eb30b9994b0cb,"Beta Aashiq, Baap Ayyash  - Telugu",Telugu,2022,movie,MEDIA,False,False,"['gold', 'silver']"
621ce635dbb9cd0bab75b729,Lahore Diaries (Part-1),Hindi,2022,series,MEDIA,False,False,"['gold', 'silver']"
62178e6b6158020b9c05d192,Chawl House - 2,Hindi,2022,series,MEDIA,False,False,"['gold', 'silver']"
6217994572b5160bb5961843,Chawl House - 2 - Tamil,Tamil,2022,series,MEDIA,False,False,"['gold', 'silver']"
62179aa66c3f290ba89f4c36,Chawl House - 2 - Telugu,Telugu,2022,series,MEDIA,False,False,"['gold', 'silver']"
6213778d470f380c46fc5df0,Navel Of Love,Hindi,2022,movie,MEDIA,False,False,"['gold', 'silver']"
621392676c3f290ba88ef6c2,Navel Of Love - Tamil,Tamil,2022,movie,MEDIA,False,False,"['gold', 'silver']"
62139fa072b5160bb585b399,Navel Of Love - Telugu,Telugu,2022,movie,MEDIA,False,False,"['gold', 'silver']"
620e455c511f8b0bcdc24533,Majboori,Hindi,2022,movie,MEDIA,False,False,"['gold', 'silver']"
620e505ce677fc0bd6e7b7a1,Majboori - Tamil,Tamil,2022,movie,MEDIA,False,False,"['gold', 'silver']"
620e51ece8a5ef0bb47f3586,Majboori - Telugu,Telugu,2022,movie,MEDIA,False,False,"['gold', 'silver']"
6205053a58458c0ba79fdb33,Impotent,Hindi,2022,movie,MEDIA,False,False,"['gold', 'silver']"
6205121a6a36fd0bca576586,Impotent - Bhojpuri,Bhojpuri,2022,movie,MEDIA,False,False,"['gold', 'silver']"
62051340123eab0b8668d96f,Impotent - English,English,2022,movie,MEDIA,False,False,"['gold', 'silver']"
6205143c58458c0ba79ffa65,Impotent - Tamil,Tamil,2022,movie,MEDIA,False,False,"['gold', 'silver']"
620515a7123eab0b8668de40,Impotent - Telugu,Telugu,2022,movie,MEDIA,False,False,"['gold', 'silver']"
621dc55445e2b60ba558eff5,Ferrous,Hindi,2022,movie,MEDIA,False,False,"['gold', 'silver']"
621de3b09333dc0b9a458612,Ferrous - English,English,2022,movie,MEDIA,False,False,"['gold', 'silver']"
621deeb6169a910bc8f7988d,Ferrous - Kannada,Kannada,2022,movie,MEDIA,False,False,"['gold', 'silver']"
621df6a925488c0b9a32ea95,Ferrous - Malayalam,Malayalam,2022,movie,MEDIA,False,False,"['gold', 'silver']"
621e04e7169a910bc8f802d9,Ferrous - Tamil,Tamil,2022,movie,MEDIA,False,False,"['gold', 'silver']"
621e0cf645e2b60ba55a4799,Ferrous - Telugu,Telugu,2022,movie,MEDIA,False,False,"['gold', 'silver']"
61fb7ac60b0d720baae584b4,Damaad Ji,Hindi,2022,movie,MEDIA,False,False,"['gold', 'silver']"
61fb7c7a10e5970bb20380cc,Damaad Ji  - Tamil,Tamil,2022,movie,MEDIA,False,False,"['gold', 'silver']"
61fb7e02f0c9ee0bd2dd93f5,Damaad Ji  - Telugu,Telugu,2022,movie,MEDIA,False,False,"['gold', 'silver']"
61f80186c594080b93f0837c,Jaghanya (Upaay),Hindi,2022,movie,MEDIA,False,False,"['gold', 'silver']"
61f8045d5754f90baa0a2faa,Jaghanya (Upaay) - Tamil,Tamil,2022,movie,MEDIA,False,False,"['gold', 'silver']"
61f806daf0c9ee0bd2d0f81a,Jaghanya (Upaay) - Telugu,Telugu,2022,movie,MEDIA,False,False,"['gold', 'silver']"
61ee712713de510bca262828,Hotspot ( Mail Trail ),Hindi,2022,movie,MEDIA,False,False,"['gold', 'silver']"
61ee73b2620fd70bc6eb70b3,Hotspot ( Mail Trail ) - English,English,2022,movie,MEDIA,False,False,"['gold', 'silver']"
61ee7719bdf83f0bcfdc6cb0,Hotspot ( Mail Trail ) - Tamil,Tamil,2022,movie,MEDIA,False,False,"['gold', 'silver']"
61ee7b39bb5bf80bc4a0ac2e,Hotspot ( Mail Trail ) - Telugu,Telugu,2022,movie,MEDIA,False,False,"['gold', 'silver']"
6496e1945206220bcfd174b9,Gaachi,Hindi,2022,movie,MEDIA,False,False,"['gold', 'silver']"
621f547e04eb670bac22ff04,Exit,Hindi,2022,movie,MEDIA,False,False,"['gold', 'silver']"
621f5cd2d1b4fa0be912e746,Exit - English,English,2022,movie,MEDIA,False,False,"['gold', 'silver']"
621f7a584aed720ba43911c3,Exit - Tamil,Tamil,2022,movie,MEDIA,False,False,"['gold', 'silver']"
621f812cd1b4fa0be9134f51,Exit - Telugu,Telugu,2022,movie,MEDIA,False,False,"['gold', 'silver']"
622081172288fc0bbcb71ac3,Gaon Ki Garmi - Season 2,Hindi,2022,series,MEDIA,False,False,"['gold', 'silver']"
62208eb0d1b4fa0be917d0a1,Gaon Ki Garmi - Season 2 - Tamil,Tamil,2022,series,MEDIA,False,False,"['gold', 'silver']"
62209375d1b4fa0be917e8d2,Gaon Ki Garmi - Season 2 - Telugu,Telugu,2022,series,MEDIA,False,False,"['gold', 'silver']"
61d29995c84b020bd781e6de,Games Of Karma ( Chhal ),Hindi,2022,movie,MEDIA,False,False,"['gold', 'silver']"
61d29b687822ee0b7a64e500,Games Of Karma ( Chhal ) - English,English,2022,movie,MEDIA,False,False,"['gold', 'silver']"
61d29cfdfffe0a0ba9307775,Games Of Karma ( Chhal ) - Bhojpuri,Bhojpuri,2022,movie,MEDIA,False,False,"['gold', 'silver']"
61d29f863d5bec0b9ff7aa2e,Games Of Karma ( Chhal ) - Kannada,Kannada,2022,movie,MEDIA,False,False,"['gold', 'silver']"
61d2a162c84b020bd781fa9e,Games Of Karma ( Chhal ) - Malayalam,Malayalam,2022,movie,MEDIA,False,False,"['gold', 'silver']"
61d2d41fcfd41e0bb147738f,Games Of Karma ( Chhal ) - Tamil,Tamil,2022,movie,MEDIA,False,False,"['gold', 'silver']"
61d2d6b6c84b020bd783703e,Games Of Karma ( Chhal ) - Telugu,Telugu,2022,movie,MEDIA,False,False,"['gold', 'silver']"
621cb1d2aba0ec0ba472b17f,Baarish,Hindi,2021,movie,MEDIA,True,False,"['gold', 'silver']"
61c73d84ceae680ba8bed1d0,Hotspot - (Matrimony),Hindi,2021,movie,MEDIA,False,False,"['gold', 'silver']"
61c74026b4b28f0baafd4526,Hotspot - (Matrimony) - English,English,2021,movie,MEDIA,False,False,"['gold', 'silver']"
61c7424e0ab37b0b9380a0d4,Hotspot - (Matrimony) - Kannada,Kannada,2021,movie,MEDIA,False,False,"['gold', 'silver']"
61c7440b38ca950b9e3a8636,Hotspot - (Matrimony) - Malayalam,Malayalam,2021,movie,MEDIA,False,False,"['gold', 'silver']"
61c745d589d6c80ba16bf57d,Hotspot - (Matrimony) - Tamil,Tamil,2021,movie,MEDIA,False,False,"['gold', 'silver']"
61c95850ceae680ba8c5d4dc,Hotspot - (Matrimony) - Telugu,Telugu,2021,movie,MEDIA,False,False,"['gold', 'silver']"
62209eb37065170b865debd0,Robot,Hindi,2021,movie,MEDIA,False,False,"['gold', 'silver']"
6220a36cd1b4fa0be9183580,Robot - English,English,2021,movie,MEDIA,False,False,"['gold', 'silver']"
6220ad407ce98b0c3057fab4,Robot - Tamil,Tamil,2021,movie,MEDIA,False,False,"['gold', 'silver']"
6220bd3d2288fc0bbcb8160d,Robot - Telugu,Telugu,2021,movie,MEDIA,False,False,"['gold', 'silver']"
61c0471009a5b90ba121669e,Tuition Teacher,Hindi,2021,movie,MEDIA,False,False,"['gold', 'silver']"
61c047f4cd22a90bbb5056c3,Tuition Teacher - Telugu,Telugu,2021,movie,MEDIA,False,False,"['gold', 'silver']"
61ee68bf620fd70bc6eb498a,Kaisi Hain Teri Ye,Hindi,2022,movie,MEDIA,True,False,"['gold', 'silver']"
61bb24b885abbc0bbffe378b,Train,Hindi,2021,series,MEDIA,False,False,"['gold', 'silver']"
61bb29dacd22a90bbb415079,Train - Bhojpuri,Bhojpuri,2021,movie,MEDIA,False,False,"['gold', 'silver']"
61bb2b70cd22a90bbb415418,Train - English,English,2021,movie,MEDIA,False,False,"['gold', 'silver']"
61bb2cdb7767380ba791691c,Train - Tamil,Tamil,2021,movie,MEDIA,False,False,"['gold', 'silver']"
61bb2ddf12a6bf0bc110cbb6,Train - Telugu,Telugu,2021,movie,MEDIA,False,False,"['gold', 'silver']"
658aae0c6d99760c7712df1b,Train,Hindi,2021,series,MEDIA,True,False,"['gold', 'silver']"
6221c437608d5d0c2a41d808,Kaneez,Hindi,2021,movie,MEDIA,False,False,"['gold', 'silver']"
6221d7247969fe0bc7171640,Kaneez - Bhojpuri,Bhojpuri,2021,movie,MEDIA,False,False,"['gold', 'silver']"
622f44ed8e432b0ba1ff69bf,Kaneez - English,English,2021,movie,MEDIA,False,False,"['gold', 'silver']"
623058852508bd0bd424c2ea,Kaneez - Kannada,Kannada,2021,movie,MEDIA,False,False,"['gold', 'silver']"
623063932508bd0bd424f644,Kaneez - Malayalam,Malayalam,2021,movie,MEDIA,False,False,"['gold', 'silver']"
6231c72117c6a40ba0a352d9,Kaneez - Tamil,Tamil,2021,movie,MEDIA,False,False,"['gold', 'silver']"
6231d4dcb4c7770bb0f2b747,Kaneez - Telugu,Telugu,2021,movie,MEDIA,False,False,"['gold', 'silver']"
6231ef1f2508bd0bd42a7961,Relationship Counsellor,Hindi,2021,movie,MEDIA,False,False,"['gold', 'silver']"
6231f76bb1d91c0ba0313dff,Relationship Counsellor - English,English,2021,movie,MEDIA,False,False,"['gold', 'silver']"
6231fba4b1d91c0ba0314697,Relationship Counsellor - Tamil,Tamil,2021,movie,MEDIA,False,False,"['gold', 'silver']"
623204a42508bd0bd42aa9a1,Relationship Counsellor - Telugu,Telugu,2021,movie,MEDIA,False,False,"['gold', 'silver']"
61a48530a9adec0bce70d0c9,Hotspot ( Fantasy Call ),Hindi,2021,movie,MEDIA,False,False,"['gold', 'silver']"
61a4b3f1a9adec0bce715855,Hotspot ( Fantasy Call ) - English,English,2021,movie,MEDIA,False,False,"['gold', 'silver']"
61a4b55d6d5cff0bdd067a1b,Hotspot ( Fantasy Call ) - Kannada,Kannada,2021,movie,MEDIA,False,False,"['gold', 'silver']"
61a4b9c04bff3c0c0d5670af,Hotspot ( Fantasy Call ) - Tamil,Tamil,2021,movie,MEDIA,False,False,"['gold', 'silver']"
61a4c08e6d5cff0bdd069475,Hotspot ( Fantasy Call ) - Telugu,Telugu,2021,movie,MEDIA,False,False,"['gold', 'silver']"
61a4c5586d5cff0bdd069e0f,Hotspot ( Fantasy Call ) - Malayalam,Malayalam,2021,movie,MEDIA,False,False,"['gold', 'silver']"
619b5f74420ffc0bbd6cb341,Games Of Karma (Sangeet),Hindi,2021,movie,MEDIA,False,False,"['gold', 'silver']"
619b6071c599b80bbb13173a,Games Of Karma (Sangeet) - Bhojpuri,Bhojpuri,2021,movie,MEDIA,False,False,"['gold', 'silver']"
619b6120420ffc0bbd6cbab6,Games Of Karma (Sangeet) - English,English,2021,movie,MEDIA,False,False,"['gold', 'silver']"
619b61e7aade710b9b2700aa,Games Of Karma (Sangeet) - Kannada,Kannada,2021,movie,MEDIA,False,False,"['gold', 'silver']"
619b629b41ce3c0b7faaacf2,Games Of Karma (Sangeet) - Malayalam,Malayalam,2021,movie,MEDIA,False,False,"['gold', 'silver']"
619b637ec599b80bbb1323e4,Games Of Karma (Sangeet) - Tamil,Tamil,2021,movie,MEDIA,False,False,"['gold', 'silver']"
619b644b328aea0bcdc74044,Games Of Karma (Sangeet) - Telugu,Telugu,2021,movie,MEDIA,False,False,"['gold', 'silver']"
6195edf1aade710b9b14d4cd,Cyanide,Hindi,2021,movie,MEDIA,False,False,"['gold', 'silver']"
61962c43420ffc0bbd5b3ed2,Cyanide - English,English,2021,movie,MEDIA,False,False,"['gold', 'silver']"
61963529420ffc0bbd5b58e1,Cyanide - Telugu,Telugu,2021,movie,MEDIA,False,False,"['gold', 'silver']"
61964040c599b80bbb013bcd,Cyanide - Tamil,Tamil,2021,movie,MEDIA,False,False,"['gold', 'silver']"
61964f7c420ffc0bbd5b9353,Cyanide - Malayalam,Malayalam,2021,movie,MEDIA,False,False,"['gold', 'silver']"
61965d87420ffc0bbd5bb0a0,Cyanide - Kannada,Kannada,2021,movie,MEDIA,False,False,"['gold', 'silver']"
618fb104cecaa40bb617debd,Hotspot ( Video Calling ),Hindi,2021,movie,MEDIA,False,False,"['gold', 'silver']"
618fb3f5cecaa40bb617e526,Hotspot ( Video Calling ) - English,English,2021,movie,MEDIA,False,False,"['gold', 'silver']"
618fb85dab20e00b917be5fe,Hotspot ( Video Calling ) - Kannada,Kannada,2021,movie,MEDIA,False,False,"['gold', 'silver']"
618fbb1b9299a80bd471c4d8,Hotspot ( Video Calling ) - Malayalam,Malayalam,2021,movie,MEDIA,False,False,"['gold', 'silver']"
618fbd27cecaa40bb617fb76,Hotspot ( Video Calling ) - Tamil,Tamil,2021,movie,MEDIA,False,False,"['gold', 'silver']"
618fc9cbeebf440c555152b8,Hotspot ( Video Calling ) - Telugu,Telugu,2021,movie,MEDIA,False,False,"['gold', 'silver']"
618bd6ee99e4340bce2ec02f,Live Streaming,Hindi,2021,movie,MEDIA,False,False,"['gold', 'silver']"
618ccd375f91780c372148ec,Live Streaming - English,English,2021,movie,MEDIA,False,False,"['gold', 'silver']"
618cd045cecaa40bb60d1342,Live Streaming - Bhojpuri,Bhojpuri,2021,movie,MEDIA,False,False,"['gold', 'silver']"
618cf1fbeebf440c55460b6b,Live Streaming - Kannada,Kannada,2021,movie,MEDIA,False,False,"['gold', 'silver']"
618cf3d6a8c79b0bd629af28,Live Streaming - Malayalam,Malayalam,2021,movie,MEDIA,False,False,"['gold', 'silver']"
618cf5a35f91780c3721c58a,Live Streaming - Tamil,Tamil,2021,movie,MEDIA,False,False,"['gold', 'silver']"
618cf8b79299a80bd468143c,Live Streaming - Telugu,Telugu,2021,movie,MEDIA,False,False,"['gold', 'silver']"
618370415ab0890be874bb8a,Hotspot ( Raatein Rangeen Banaayein ),Hindi,2021,movie,MEDIA,False,False,"['gold', 'silver']"
61837654d79e880be94563e3,Hotspot ( Raatein Rangeen Banaayein ) - English,English,2021,movie,MEDIA,False,False,"['gold', 'silver']"
61838931d79e880be94584e5,Hotspot ( Raatein Rangeen Banaayein ) - Tamil,Tamil,2021,movie,MEDIA,False,False,"['gold', 'silver']"
61838a750864bc0ba8bbe44c,Hotspot ( Raatein Rangeen Banaayein ) - Telugu,Telugu,2021,movie,MEDIA,False,False,"['gold', 'silver']"
618392b6a8d5ff0be8e7be1e,Hotspot ( Raatein Rangeen Banaayein ) - kannada,kannada,2021,movie,MEDIA,False,False,"['gold', 'silver']"
61839b13a8d5ff0be8e7d40c,Hotspot ( Raatein Rangeen Banaayein ) - malayalam,malayalam,2021,movie,MEDIA,False,False,"['gold', 'silver']"
621f13da7ce98b0c30518e1b,Caretaker 2,Hindi,2021,series,MEDIA,False,False,"['gold', 'silver']"
621f1f667ce98b0c3051c0f2,Caretaker 2 - English,English,2021,series,MEDIA,False,False,"['gold', 'silver']"
621f24ebd1b4fa0be911ecfd,Caretaker 2 - Kannada,Kannada,2021,series,MEDIA,False,False,"['gold', 'silver']"
621f29602288fc0bbcb153a6,Caretaker 2 - Malayalam,Malayalam,2021,series,MEDIA,False,False,"['gold', 'silver']"
621f39ea7065170b86586631,Caretaker 2 - Tamil,Tamil,2021,series,MEDIA,False,False,"['gold', 'silver']"
621f3e3a7065170b86587ae4,Caretaker 2 - Telugu,Telugu,2021,series,MEDIA,False,False,"['gold', 'silver']"
61b451383ad9ab0b8e8d2db0,Pratiksha,Hindi,2021,movie,MEDIA,False,False,"['gold', 'silver']"
61b827c685abbc0bbff57dac,Pratiksha - Bhojpuri,Bhojpuri,2021,movie,MEDIA,False,False,"['gold', 'silver']"
61b85dd485abbc0bbff632ea,Pratiksha - English,English,2021,movie,MEDIA,False,False,"['gold', 'silver']"
61c1bba085abbc0bbf117470,Pratiksha - Kannada,Kannada,2021,movie,MEDIA,False,False,"['gold', 'silver']"
61c1c8384b8a670bdf6636ae,Pratiksha - Malayalam,Malayalam,2021,movie,MEDIA,False,False,"['gold', 'silver']"
61c1e11763983c0b8fd1d591,Pratiksha - Tamil,Tamil,2021,movie,MEDIA,False,False,"['gold', 'silver']"
61c1eb5863983c0b8fd1eef6,Pratiksha - Telugu,Telugu,2021,movie,MEDIA,False,False,"['gold', 'silver']"
616ff2a030b4da0b9214a0cd,Anniversary Gift,Hindi,2021,movie,MEDIA,False,False,"['gold', 'silver']"
617111b58d5f0d0bbceaacdc,Anniversary Gift  - English,English,2021,movie,MEDIA,False,False,"['gold', 'silver']"
617114bab151770ba7edd869,Anniversary Gift - Tamil,Tamil,2021,movie,MEDIA,False,False,"['gold', 'silver']"
617116a68d5f0d0bbceab8e7,Anniversary Gift - Telugu,Telugu,2021,movie,MEDIA,False,False,"['gold', 'silver']"
617119d48d5f0d0bbceac027,Anniversary Gift  - Kannada,Kannada,2021,movie,MEDIA,False,False,"['gold', 'silver']"
61711b981193da0bd97c3f65,Anniversary Gift  - Malayalam,Malayalam,2021,movie,MEDIA,False,False,"['gold', 'silver']"
616d1dee1193da0bd96e7c85,Hotspot ( Videshi Ishq ),Hindi,2021,movie,MEDIA,False,False,"['gold', 'silver']"
616d252c3ccaff0b94669433,Hotspot ( Videshi Ishq ) - English,English,2021,movie,MEDIA,False,False,"['gold', 'silver']"
616d2d65b151770ba7e10c26,Hotspot ( Videshi Ishq ) - Kannada,Kannada,2021,movie,MEDIA,False,False,"['gold', 'silver']"
616d2eadb6c4470c3c017cc8,Hotspot ( Videshi Ishq ) - Tamil,Tamil,2021,movie,MEDIA,False,False,"['gold', 'silver']"
616d30201193da0bd96eaefa,Hotspot ( Videshi Ishq ) - Malayalam,Malayalam,2021,movie,MEDIA,False,False,"['gold', 'silver']"
616d316a8d5f0d0bbcdf8b92,Hotspot ( Videshi Ishq ) - Telugu,Telugu,2021,movie,MEDIA,False,False,"['gold', 'silver']"
6167effc1193da0bd95d00b2,Kamar Ki Naap,Hindi,2021,movie,MEDIA,False,False,"['gold', 'silver']"
6167fe478d5f0d0bbccd8888,Kamar Ki Naap - Bhojpuri,Bhojpuri,2021,movie,MEDIA,False,False,"['gold', 'silver']"
6168094c3ccaff0b94565c32,Kamar Ki Naap - English,English,2021,movie,MEDIA,False,False,"['gold', 'silver']"
6168158130b4da0b92fab5ad,Kamar Ki Naap - Kannada,Kannada,2021,movie,MEDIA,False,False,"['gold', 'silver']"
616826afb6c4470c3cf0ad63,Kamar Ki Naap - Malayalam,Malayalam,2021,movie,MEDIA,False,False,"['gold', 'silver']"
616843f530b4da0b92fb0598,Kamar Ki Naap - Tamil,Tamil,2021,movie,MEDIA,False,False,"['gold', 'silver']"
616846aab6c4470c3cf0dea9,Kamar Ki Naap - Telugu,Telugu,2021,movie,MEDIA,False,False,"['gold', 'silver']"
616582c13ccaff0b944fc2b6,Dooriyan,Hindi,2021,movie,MEDIA,True,False,"['gold', 'silver']"
61641dc930b4da0b92eef419,Jaghanya ( Dil Ke Armaan ),Hindi,2021,movie,MEDIA,False,False,"['gold', 'silver']"
61643a151193da0bd951ef37,Jaghanya ( Dil Ke Armaan ) - English,English,2021,movie,MEDIA,False,False,"['gold', 'silver']"
61643c331193da0bd951f286,Jaghanya ( Dil Ke Armaan ) - Kannada,Kannada,2021,movie,MEDIA,False,False,"['gold', 'silver']"
61643cbdb6c4470c3ce5128e,Jaghanya ( Dil Ke Armaan ) Malayalam,Malayalam,2021,movie,MEDIA,False,False,"['gold', 'silver']"
61643fb8b151770ba7c2be23,Jaghanya ( Dil Ke Armaan ) - Tamil,Tamil,2021,movie,MEDIA,False,False,"['gold', 'silver']"
6164414530b4da0b92ef3c53,Jaghanya ( Dil Ke Armaan ) Telugu,Telugu,2021,movie,MEDIA,False,False,"['gold', 'silver']"
615ed77ab151770ba7af97e1,Blackmail -  English,English,2021,movie,MEDIA,False,False,"['gold', 'silver']"
615ed98e3ccaff0b943a81d3,Blackmail - Tamil,Tamil,2021,movie,MEDIA,False,False,"['gold', 'silver']"
615edd7a8d5f0d0bbcb161ac,Blackmail - Kannada,Kannada,2021,movie,MEDIA,False,False,"['gold', 'silver']"
615edf8f8d5f0d0bbcb165bf,Blackmail  - Malayalam,Malayalam,2021,movie,MEDIA,False,False,"['gold', 'silver']"
615ee1621193da0bd940dfea,Blackmail  - Telugu,Telugu,2021,movie,MEDIA,False,False,"['gold', 'silver']"
615ee1883ccaff0b943a911f,Blackmail,Hindi,2021,movie,MEDIA,False,False,"['gold', 'silver']"
615eef108d5f0d0bbcb1816d,Blackmail - Bhojpuri,Bhojpuri,2021,movie,MEDIA,False,False,"['gold', 'silver']"
615aed60b151770ba7a44d11,Games Of Karma ( BDSM ),Hindi,2021,movie,MEDIA,False,False,"['gold', 'silver']"
615aee95b151770ba7a44f5e,Games Of Karma ( BDSM ) English,English,2021,movie,MEDIA,False,False,"['gold', 'silver']"
615aef89b151770ba7a4510d,Games Of Karma ( BDSM ) Bhojpuri,Bhojpuri,2021,movie,MEDIA,False,False,"['gold', 'silver']"
615af0a630b4da0b92d379eb,Games Of Karma ( BDSM ) Tamil,Tamil,2021,movie,MEDIA,False,False,"['gold', 'silver']"
615af1e43ccaff0b94307c31,Games Of Karma ( BDSM ) Telugu,Telugu,2021,movie,MEDIA,False,False,"['gold', 'silver']"
615af453b151770ba7a458fd,Games Of Karma ( BDSM ) Kannada,Kannada,2021,movie,MEDIA,False,False,"['gold', 'silver']"
615af5a13ccaff0b94308273,Games Of Karma ( BDSM ) Malayalam,Malayalam,2021,movie,MEDIA,False,False,"['gold', 'silver']"
614f16dbf2f4f90c1a6665be,Games Of Karma ( Happy Birthday ),Hindi,2021,movie,MEDIA,False,False,"['gold', 'silver']"
614f1f572d7c080b9799b6c5,Games Of Karma ( Happy Birthday ) - English,English,2021,movie,MEDIA,False,False,"['gold', 'silver']"
614f20b4d16cb60bd993d867,Games Of Karma ( Happy Birthday ) - Bhojpuri,Bhojpuri,2021,movie,MEDIA,False,False,"['gold', 'silver']"
614f21cf915f0a0bafa33cb3,Games Of Karma ( Happy Birthday ) - Kannada,Kannada,2021,movie,MEDIA,False,False,"['gold', 'silver']"
614f2cacd16cb60bd993ec9e,Games Of Karma ( Happy Birthday ) - Malayalam,Malayalam,2021,movie,MEDIA,False,False,"['gold', 'silver']"
614f2ec3d16cb60bd993f06e,Games Of Karma ( Happy Birthday ) - Tamil,Tamil,2021,movie,MEDIA,False,False,"['gold', 'silver']"
614f31c72d7c080b9799d61e,Games Of Karma ( Happy Birthday ) - Telugu,Telugu,2021,movie,MEDIA,False,False,"['gold', 'silver']"
621a10755e1ae70bc477c23a,Yeh Kaisa Rishta,Hindi,2021,movie,MEDIA,False,False,"['gold', 'silver']"
621a1c52c328110baede1456,Yeh Kaisa Rishta - Bhojpuri,Bhojpuri,2021,movie,MEDIA,False,False,"['gold', 'silver']"
621a221c7ebeeb0bc33ccbc8,Yeh Kaisa Rishta - English,English,2021,movie,MEDIA,False,False,"['gold', 'silver']"
621a267c354f2d0bac76f5f9,Yeh Kaisa Rishta - Tamil,Tamil,2021,movie,MEDIA,False,False,"['gold', 'silver']"
621a2e97719c620b962ca746,Yeh Kaisa Rishta - Telugu,Telugu,2021,movie,MEDIA,False,False,"['gold', 'silver']"
621a366eaba0ec0ba46875ba,Yeh Kaisa Rishta - Kannada,Kannada,2021,movie,MEDIA,False,False,"['gold', 'silver']"
621a393725488c0b9a24024d,Yeh Kaisa Rishta - Malayalam,Malayalam,2021,movie,MEDIA,False,False,"['gold', 'silver']"
61485535c815720ba474e1db,Games Of Karma ( Kachra ),Hindi,2021,movie,MEDIA,False,False,"['gold', 'silver']"
614857165a27a10bc4d7674e,Games Of Karma ( Kachra ) Bhojpuri,Bhojpuri,2021,movie,MEDIA,False,False,"['gold', 'silver']"
614859c15a27a10bc4d7708f,Games Of Karma ( Kachra ) English,English,2021,movie,MEDIA,False,False,"['gold', 'silver']"
61486b44be823f0b895c5077,Games Of Karma ( Kachra ) Tamil,Tamil,2021,movie,MEDIA,False,False,"['gold', 'silver']"
61486da784b2090c38b00f80,Games Of Karma ( Kachra ) Telugu,Telugu,2021,movie,MEDIA,False,False,"['gold', 'silver']"
614873165a27a10bc4d7bc8b,Games Of Karma ( Kachra ) Kannada,Kannada,2021,movie,MEDIA,False,False,"['gold', 'silver']"
614874a89a1c210b817fb71b,Games Of Karma ( Kachra ) Malayalam,Malayalam,2021,movie,MEDIA,False,False,"['gold', 'silver']"
6161aa3d30b4da0b92e6bc7b,Khuda Ka Shukriya,Hindi,2021,movie,MEDIA,True,False,"['gold', 'silver']"
6142e4ea9a1c210b816db823,Saas Bahu & NRI,Hindi,2021,movie,MEDIA,False,False,"['gold', 'silver']"
6142ee165a27a10bc4c68985,Saas Bahu & NRI - English,English,2021,movie,MEDIA,False,False,"['gold', 'silver']"
6142f05084b2090c389e3f41,Saas Bahu & NRI - Bhojpuri,Bhojpuri,2021,movie,MEDIA,False,False,"['gold', 'silver']"
6142f1ea9a1c210b816dde0a,Saas Bahu & NRI  - Tamil,Tamil,2021,movie,MEDIA,False,False,"['gold', 'silver']"
6142f3b3be823f0b894a1703,Saas Bahu & NRI -  Telugu,Telugu,2021,movie,MEDIA,False,False,"['gold', 'silver']"
61437ee084b2090c389fb722,Saas Bahu & NRI - Kannada,Kannada,2021,movie,MEDIA,False,False,"['gold', 'silver']"
614380d9be823f0b894b961e,Saas Bahu & NRI  - Malayalam,Malayalam,2021,movie,MEDIA,False,False,"['gold', 'silver']"
6161a77c8d5f0d0bbcba8a69,Lashein,Hindi,2021,movie,MEDIA,True,False,"['gold', 'silver']"
6149ad7284b2090c38b46cbc,Games Of Karma ( Kabristan ) Malayalam,Malayalam,2021,movie,MEDIA,False,False,"['gold', 'silver']"
6149c3ff9a1c210b81845a20,Games Of Karma ( Kabristan ) Kannada,Kannada,2021,movie,MEDIA,False,False,"['gold', 'silver']"
613eeb1f06928e0b9c06d90b,Games Of Karma ( Kabristan ),Hindi,2021,movie,MEDIA,False,False,"['gold', 'silver']"
613eeeb4c815720ba4569d15,Games Of Karma ( Kabristan ) - Bhojpuri,Bhojpuri,2021,movie,MEDIA,False,False,"['gold', 'silver']"
613ef01a84b2090c389362d2,Games Of Karma ( Kabristan ) - English,English,2021,movie,MEDIA,False,False,"['gold', 'silver']"
613ef1cb5a27a10bc4bc4aad,Games Of Karma ( Kabristan ) - Tamil,Tamil,2021,movie,MEDIA,False,False,"['gold', 'silver']"
613ef30906928e0b9c06ebaf,Games Of Karma ( Kabristan ) - Telugu,Telugu,2021,movie,MEDIA,False,False,"['gold', 'silver']"
613f7c0d5a27a10bc4bd9184,Had Se Guzar Jaun,Hindi,2021,movie,MEDIA,True,False,"['gold', 'silver']"
6139ee39be823f0b892f7a2f,Hotspot ( Charr Charr ),Hindi,2021,movie,MEDIA,False,False,"['gold', 'silver']"
6139f005be823f0b892f7de5,Hotspot ( Charr Charr ) - Bhojpuri,Bhojpuri,2021,movie,MEDIA,False,False,"['gold', 'silver']"
6139f5275a27a10bc4af360e,Hotspot ( Charr Charr ) - English,English,2021,movie,MEDIA,False,False,"['gold', 'silver']"
6139f8d506928e0b9cf967a7,Hotspot ( Charr Charr ) - Tamil,Tamil,2021,movie,MEDIA,False,False,"['gold', 'silver']"
6139fc42be823f0b892f942c,Hotspot ( Charr Charr ) - Telugu,Telugu,2021,movie,MEDIA,False,False,"['gold', 'silver']"
6134ad15fe3a1a0bd3df425a,Madhosh Diaries ( Adla Badli ),Hindi,2021,movie,MEDIA,False,False,"['gold', 'silver']"
6134ae3585ed120c21e56098,Madhosh Diaries ( Adla Badli ) Bhojpuri,Bhojpuri,2021,movie,MEDIA,False,False,"['gold', 'silver']"
6134b75109d59c0b81e41cde,Madhosh Diaries ( Adla Badli ) English,English,2021,movie,MEDIA,False,False,"['gold', 'silver']"
6134b9279ce3fe0b9fc50d82,Madhosh Diaries ( Adla Badli ) Tamil,Tamil,2021,movie,MEDIA,False,False,"['gold', 'silver']"
6134b9a785ed120c21e5749c,Madhosh Diaries ( Adla Badli ) Telugu,Telugu,2021,movie,MEDIA,False,False,"['gold', 'silver']"
6130e3de73c3680bcf0927bb,Blue Whale,Hindi,2021,movie,MEDIA,False,False,"['gold', 'silver']"
6131bb3709d59c0b81dd25b3,Blue Whale - Bhojpuri,Bhojpuri,2021,movie,MEDIA,False,False,"['gold', 'silver']"
6131bf9409d59c0b81dd301e,Blue Whale - English,English,2021,movie,MEDIA,False,False,"['gold', 'silver']"
6131c3719ce3fe0b9fbcf92d,Blue Whale - Tamil,Tamil,2021,movie,MEDIA,False,False,"['gold', 'silver']"
6131c687fe3a1a0bd3d7f8c7,Blue Whale - Telugu,Telugu,2021,movie,MEDIA,False,False,"['gold', 'silver']"
61f78933c8e8ad0be387dad5,Pyaar Ka Nasha,Hindi,2021,movie,MEDIA,True,False,"['gold', 'silver']"
6129f455c939c80b985ef6c3,Client No. 7,Hindi,2021,series,MEDIA,False,False,"['gold', 'silver']"
612b32c1be4d1b0ba2ad18bb,Client No. 7 English,English,2021,series,MEDIA,False,False,"['gold', 'silver']"
612ce65a0fb19c0c269b22e8,Client No. 7 Bhojpuri,Bhojpuri,2021,series,MEDIA,False,False,"['gold', 'silver']"
612cea2cc939c80b98664e3a,Client No. 7 - Tamil,Tamil,2021,series,MEDIA,False,False,"['gold', 'silver']"
612cec37be4d1b0ba2b0e583,Client No. 7 Telugu,Telugu,2021,series,MEDIA,False,False,"['gold', 'silver']"
61cb0d5fcfd41e0bb12e3170,Sajna Ve,Hindi,2021,movie,MEDIA,True,False,"['gold', 'silver']"
61c581b6b4b28f0baaf73bed,Aja More Raja,Hindi,2021,movie,MEDIA,True,False,"['gold', 'silver']"
6123570ed75e2f0ba82f143f,Nancy,Hindi,2021,movie,MEDIA,False,False,"['gold', 'silver']"
61235aa2bb88200b7e23b68a,Nancy - English,English,2021,movie,MEDIA,False,False,"['gold', 'silver']"
61235d9dbb88200b7e23be04,Nancy - Bhojpuri,Bhojpuri,2021,movie,MEDIA,False,False,"['gold', 'silver']"
612362dbb6e4cc0bb46488c7,Nancy - Tamil,Tamil,2021,movie,MEDIA,False,False,"['gold', 'silver']"
6123656cd75e2f0ba82f3a8c,Nancy - Telugu,Telugu,2021,movie,MEDIA,False,False,"['gold', 'silver']"
6034adc8f4b9dc0c93fc82c8,Kavita Bhabhi Season 3 ( Part 3 ),Hindi,2021,series,MEDIA,False,False,"['gold', 'silver']"
60780edd26b44c0cf139f84e,Kavita Bhabhi Season 3 ( Part 3 ) : Bhojpuri,Bhojpuri,2021,series,MEDIA,False,False,"['gold', 'silver']"
6078111526b44c0cf13a0a84,Kavita Bhabhi Season 3 ( Part 3 ) : English,English,2021,series,MEDIA,False,False,"['gold', 'silver']"
6078127c3f1f490c843c12bb,Kavita Bhabhi Season 3 ( Part 3 ) : Tamil,Tamil,2021,series,MEDIA,False,False,"['gold', 'silver']"
607814a9425dea0c9526373d,Kavita Bhabhi Season 3 ( Part 3 ) : Telugu,Telugu,2021,series,MEDIA,False,False,"['gold', 'silver']"
61c18d92cd22a90bbb55505c,Namkeen,Hindi,2021,movie,MEDIA,False,False,"['gold', 'silver']"
61c47b06356f060c22f5f8b4,Namkeen - English,English,2021,movie,MEDIA,False,False,"['gold', 'silver']"
61c47fa9ceae680ba8b380eb,Namkeen - Bhojpuri,Bhojpuri,2021,movie,MEDIA,False,False,"['gold', 'silver']"
61c4849a63983c0b8fda1641,Namkeen - Tamil,Tamil,2021,movie,MEDIA,False,False,"['gold', 'silver']"
61c48e4389d6c80ba1621721,Namkeen - Telugu,Telugu,2021,movie,MEDIA,False,False,"['gold', 'silver']"
611693cdda72300b9b03da97,Fatherhood,Hindi,2021,movie,MEDIA,False,False,"['gold', 'silver']"
61175fd23628e90bb614bb88,Fatherhood - English,English,2021,movie,MEDIA,False,False,"['gold', 'silver']"
611766dafc1b3b0c2e6aa956,Fatherhood - Bhojpuri,Bhojpuri,2021,movie,MEDIA,False,False,"['gold', 'silver']"
61179e1efc1b3b0c2e6b53e6,Fatherhood - Tamil,Tamil,2021,movie,MEDIA,False,False,"['gold', 'silver']"
61179f6cc661700bb23f62ca,Fatherhood - Telugu,Telugu,2021,movie,MEDIA,False,False,"['gold', 'silver']"
6113edc3865f410bdea34d85,The Devil Inside,Hindi,2021,movie,MEDIA,False,False,"['gold', 'silver']"
6114b394da72300b9bfe7c69,Mann,Hindi,2021,movie,MEDIA,True,False,"['gold', 'silver']"
6114b4b9c661700bb2361e43,Maula,Hindi,2021,movie,MEDIA,True,False,"['gold', 'silver']"
6114b62ec608950bd3de729b,Pila Do,Hindi,2021,movie,MEDIA,True,False,"['gold', 'silver']"
6114b788da72300b9bfe8656,Pyaar Karne Ka Tarika,Hindi,2021,movie,MEDIA,True,False,"['gold', 'silver']"
6114b965865f410bdea571d2,Safed Rani,Hindi,2021,movie,MEDIA,True,False,"['gold', 'silver']"
6114bb53c608950bd3de7f5e,Sajna,Hindi,2021,movie,MEDIA,True,False,"['gold', 'silver']"
6114bcb7865f410bdea57a31,Sakhe Tula Sab,Hindi,2021,movie,MEDIA,True,False,"['gold', 'silver']"
6114be1afc1b3b0c2e62ef41,Shukriya,Hindi,2021,movie,MEDIA,True,False,"['gold', 'silver']"
611109a2977f900b96a32cf2,Khatak,Hindi,2021,movie,MEDIA,False,False,"['gold', 'silver']"
61111996d2b14c0bcfe8e482,Khatak Tamil,Tamil,2021,movie,MEDIA,False,False,"['gold', 'silver']"
61111bfb42bb110b9e104f02,Khatak Bhojpuri,Bhojpuri,2021,movie,MEDIA,False,False,"['gold', 'silver']"
61111eb142bb110b9e10546a,Khatak Telugu,Telugu,2021,movie,MEDIA,False,False,"['gold', 'silver']"
611210edd2b14c0bcfebd09b,Khatak English,English,2021,movie,MEDIA,False,False,"['gold', 'silver']"
61161214c661700bb23a2981,Teri Ibadat Mein,Hindi,2021,movie,MEDIA,True,False,"['gold', 'silver']"
6116136d865f410bdeaa1a62,Teri Nadaniya,Hindi,2021,movie,MEDIA,True,False,"['gold', 'silver']"
61161671865f410bdeaa22a5,Tu Hai,Hindi,2021,movie,MEDIA,True,False,"['gold', 'silver']"
61161c50fc1b3b0c2e670263,Tu Hi Tu,Hindi,2021,movie,MEDIA,True,False,"['gold', 'silver']"
6108e26542bb110b9ef7d1a0,Mein Teri Gali Aagaye,Hindi,2021,movie,MEDIA,True,False,"['gold', 'silver']"
6108e481977f900b968b10d9,Mehki Mehki,Hindi,2021,movie,MEDIA,True,False,"['gold', 'silver']"
6108e650e1a5520b95ded9ae,Mujhse Aaj Tum Na Aitraz Karo,Hindi,2021,movie,MEDIA,True,False,"['gold', 'silver']"
6108e7e0d2b14c0bcfd2015b,Naina Tihare,Hindi,2021,movie,MEDIA,True,False,"['gold', 'silver']"
61168dbbfc1b3b0c2e683b76,Tera Woh Deewana,Hindi,2021,movie,MEDIA,True,False,"['gold', 'silver']"
611b8f6fc661700bb24a05be,Whiskey Da Peg,Hindi,2021,movie,MEDIA,True,False,"['gold', 'silver']"
61fbcbcbc594080b93fe613b,Baby I Swear,Hindi,2021,movie,MEDIA,True,False,"['gold', 'silver']"
61168ef5c661700bb23c2ff7,Toota Dil,Hindi,2021,movie,MEDIA,True,False,"['gold', 'silver']"
611ba6b6c608950bd3f1bde3,Zikar Tera Fikar Teri Meri,Hindi,2021,movie,MEDIA,True,False,"['gold', 'silver']"
611ba46ac608950bd3f1b89d,Yeh Ishq Ka,Hindi,2021,movie,MEDIA,True,False,"['gold', 'silver']"
611ba5753628e90bb621bdd0,Ye Meri Zindagi,Hindi,2021,movie,MEDIA,True,False,"['gold', 'silver']"
611be59d3628e90bb622511c,Yeh Pyaar,Hindi,2021,movie,MEDIA,True,False,"['gold', 'silver']"
611690213628e90bb6126772,Tu Mila Hai,Hindi,2021,movie,MEDIA,True,False,"['gold', 'silver']"
611dead86d84fd0ba5577135,Zehrila,Hindi,2021,movie,MEDIA,True,False,"['gold', 'silver']"
61658bccb151770ba7c6f3a5,Online,Hindi,2021,movie,MEDIA,False,False,"['gold', 'silver']"
616d3512b6c4470c3c018fa4,Online - Bhojpuri,Bhojpuri,2021,movie,MEDIA,False,False,"['gold', 'silver']"
616d3ab3b6c4470c3c01a5ba,Online - English,English,2021,movie,MEDIA,False,False,"['gold', 'silver']"
616d3f8f3ccaff0b9466e70e,Online - Tamil,Tamil,2021,movie,MEDIA,False,False,"['gold', 'silver']"
616d4c5f3ccaff0b946712dd,Online - Telugu,Telugu,2021,movie,MEDIA,False,False,"['gold', 'silver']"
6580519634fb490c87ce0247,Virgin Boys,Hindi,2021,movie,MEDIA,False,False,"['gold', 'silver']"
6116917e865f410bdeab6cb2,Tumse Juda Hoke,Hindi,2021,movie,MEDIA,True,False,"['gold', 'silver']"
63bd22ce9de37d0be61d9b42,Riti Riwaj ( Pinjara ) Bhojpuri,Bhojpuri,2023,movie,MEDIA,False,False,"['gold', 'silver']"
63bd27199de37d0be61dab57,Riti Riwaj ( Pinjara ) Tamil,Tamil,2023,movie,MEDIA,False,False,"['gold', 'silver']"
63bd2cf3e042010bd030e5c2,Riti Riwaj ( Pinjara ) - Telugu,Telugu,2023,movie,MEDIA,False,False,"['gold', 'silver']"
63bd36c6e7f0be0c07d8952b,Riti Riwaj ( Pinjara ) - English,English,2023,movie,MEDIA,False,False,"['gold', 'silver']"
60fa611f1bafaa0c2913ddea,Jaadugari,Hindi,2021,movie,MEDIA,True,False,"['gold', 'silver']"
60fa62f7b8f9d70b83eee928,Jaante Ho Tum,Hindi,2021,movie,MEDIA,True,False,"['gold', 'silver']"
61619ca43ccaff0b94445fa6,Thoda Waqt Lagega,Hindi,2021,movie,MEDIA,False,False,"['gold', 'silver']"
6034c8215bfa870c8efcea93,Kavita Bhabhi Season 3 ( Part 2 ),Hindi,2021,series,MEDIA,False,False,"['gold', 'silver']"
60f53e992ac5750b9ac10404,Tu Humsafar,Hindi,2021,movie,MEDIA,True,False,"['gold', 'silver']"
60f40a38bd9d2b0bc47a2e45,Mere Hisse Ka Pani,Hindi,2021,movie,MEDIA,True,False,"['gold', 'silver']"
60f41e022ac5750b9abc6943,Humrahi,Hindi,2021,movie,MEDIA,True,False,"['gold', 'silver']"
60f30cdabd9d2b0bc4763d31,Chadyo Taro Rang,Hindi,2021,movie,MEDIA,True,False,"['gold', 'silver']"
60f30f231819d60bb8696ca7,Crush,Hindi,2021,movie,MEDIA,True,False,"['gold', 'silver']"
60f310962ac5750b9ab9055c,Harjana,Hindi,2021,movie,MEDIA,True,False,"['gold', 'silver']"
60f312cab446730b9a680fec,Bhul Jaa Tu Mujhe,Hindi,2021,movie,MEDIA,True,False,"['gold', 'silver']"
60f314081369380bc5711f32,Bas Dhuan Hai,Hindi,2021,movie,MEDIA,True,False,"['gold', 'silver']"
60f31811b446730b9a683392,Bekhabar Ishq,Hindi,2021,movie,MEDIA,True,False,"['gold', 'silver']"
60f3195ad1dd3e0bfbd27f89,Hai Shaan,Hindi,2021,movie,MEDIA,True,False,"['gold', 'silver']"
60f00733ef0e280c263e2fcc,Riti Riwaj ( Mann - Marzi ),Hindi,2021,movie,MEDIA,False,False,"['gold', 'silver']"
60f01b06c69c8c0ba5189788,Don't Know,Hindi,2021,movie,MEDIA,True,False,"['gold', 'silver']"
60f029f65980700bc2b2f7b8,Darmiyaan,Hindi,2021,movie,MEDIA,True,False,"['gold', 'silver']"
60f02e92286feb0ba6249f8a,Soniya,Hindi,2021,movie,MEDIA,True,False,"['gold', 'silver']"
60f031a3286feb0ba624a396,Parlour,Hindi,2021,movie,MEDIA,True,False,"['gold', 'silver']"
60f033222ac5750b9aad55d7,Pyar Mera Tu,Hindi,2021,movie,MEDIA,True,False,"['gold', 'silver']"
60f03990bd9d2b0bc46c4c53,Safar,Hindi,2021,movie,MEDIA,True,False,"['gold', 'silver']"
60f03b7f1819d60bb85f653c,Tujh Bin Nai Jeena,Hindi,2021,movie,MEDIA,True,False,"['gold', 'silver']"
60f03d771819d60bb85f68d4,Tum Ho Kahi,Hindi,2021,movie,MEDIA,True,False,"['gold', 'silver']"
60f03e791369380bc566424a,Tum Pe Mar Jaun,Hindi,2021,movie,MEDIA,True,False,"['gold', 'silver']"
60f068b72ac5750b9aadd0a6,Darpan,Hindi,2021,movie,MEDIA,True,False,"['gold', 'silver']"
60f191dcb446730b9a631a4d,Riti Riwaj ( Mann - Marzi ) - Tamil,Tamil,2021,movie,MEDIA,False,False,"['gold', 'silver']"
60f197811819d60bb86495d7,Riti Riwaj ( Mann - Marzi ) - Telugu,Telugu,2021,movie,MEDIA,False,False,"['gold', 'silver']"
60f2be90bd9d2b0bc4756a6f,Riti Riwaj ( Mann - Marzi ) - Bhojpuri,Bhojpuri,2021,movie,MEDIA,False,False,"['gold', 'silver']"
60f2c0eb2ac5750b9ab82397,Riti Riwaj ( Mann - Marzi ) - English,English,2021,movie,MEDIA,False,False,"['gold', 'silver']"
60ec94cc9e79690ba3d20813,Kavita Bhabhi Season 3 ( Part 1 ),Hindi,2021,series,MEDIA,False,False,"['gold', 'silver']"
61655e6330b4da0b92f2f1fd,Dunali,Hindi,2021,movie,MEDIA,False,False,"['gold', 'silver']"
61693589b6c4470c3cf533e4,Dunali - Bhojpuri,Bhojpuri,2021,movie,MEDIA,False,False,"['gold', 'silver']"
616962c03ccaff0b945b1e17,Dunali - English,English,2021,movie,MEDIA,False,False,"['gold', 'silver']"
6169714030b4da0b92ffa7d0,Dunali - Tamil,Tamil,2021,movie,MEDIA,False,False,"['gold', 'silver']"
6169aa1d1193da0bd962ce17,Dunali - Telugu,Telugu,2021,movie,MEDIA,False,False,"['gold', 'silver']"
60e6d26c71dacf0b94c0c6e3,Kirayedaar,Hindi,2021,movie,MEDIA,False,False,"['gold', 'silver']"
60e6dcf015e15d0bb98502fc,Kirayedaar - Tamil,Tamil,2021,movie,MEDIA,False,False,"['gold', 'silver']"
60e6e0aab877960bf77cf125,Kirayedaar - Bhojpuri,Bhojpuri,2021,movie,MEDIA,False,False,"['gold', 'silver']"
60e6e28b71dacf0b94c0e1e3,Kirayedaar - English,English,2021,movie,MEDIA,False,False,"['gold', 'silver']"
60e6e4ef71dacf0b94c0e4e9,Kirayedaar - Telugu,Telugu,2021,movie,MEDIA,False,False,"['gold', 'silver']"
61619dbb30b4da0b92e6a426,TUJH BIN,Hindi,2021,movie,MEDIA,True,False,"['gold', 'silver']"
60dc57c80c70800b85a66d7c,Madhosh Diaries ( Good Wife ) Telugu,Telugu,2021,movie,MEDIA,False,False,"['gold', 'silver']"
60dc9278bfef880bb9809774,Friend Request,Hindi,2021,movie,MEDIA,False,False,"['gold', 'silver']"
60dc93b0bfef880bb9809831,Friend Request - English,English,2021,movie,MEDIA,False,False,"['gold', 'silver']"
60dc9491c8f39b0b7c21b01f,Friend Request - Bhojpuri,Bhojpuri,2021,movie,MEDIA,False,False,"['gold', 'silver']"
60dc95e1a889980b820aaefa,Friend Request - Tamil,Tamil,2021,movie,MEDIA,False,False,"['gold', 'silver']"
60dc96c0a889980b820aaf77,Friend Request - Telugu,Telugu,2021,movie,MEDIA,False,False,"['gold', 'silver']"
61f2ac620b0d720baac28ffd,Sab Noch-Noch,Hindi,2021,movie,MEDIA,True,False,"['gold', 'silver']"
615c1f89b6c4470c3cce35e7,Khunnas,Hindi,2021,movie,MEDIA,False,False,"['gold', 'silver']"
615d300ab6c4470c3cd0d60d,Khunnas - Bhojpuri,Bhojpuri,2021,movie,MEDIA,False,False,"['gold', 'silver']"
615d381f30b4da0b92d9a263,Khunnas - English,English,2021,movie,MEDIA,False,False,"['gold', 'silver']"
615d3c8a1193da0bd93c378b,Khunnas - Tamil,Tamil,2021,movie,MEDIA,False,False,"['gold', 'silver']"
615d41ad3ccaff0b9436aa42,Khunnas - Telugu,Telugu,2021,movie,MEDIA,False,False,"['gold', 'silver']"
61a73b346dc2b80c301e70d1,Naye Padosi - Bhojpuri,Bhojpuri,2021,movie,MEDIA,False,False,"['gold', 'silver']"
60d45a48ff8adb0b94509b86,Sazaa Ya Mazaa,Hindi,2021,movie,MEDIA,False,False,"['gold', 'silver']"
6109452fe1a5520b95e0b44f,Sazaa Ya Mazaa - Bhojpuri,Bhojpuri,2021,movie,MEDIA,False,False,"['gold', 'silver']"
6109477de062430baa2fbc12,Sazaa Ya Mazaa - Tamil,Tamil,2021,movie,MEDIA,False,False,"['gold', 'silver']"
610948e7e1a5520b95e0bb45,Sazaa Ya Mazaa - English,English,2021,movie,MEDIA,False,False,"['gold', 'silver']"
61094b43e1a5520b95e0bf35,Sazaa Ya Mazaa  - Telugu,Telugu,2021,movie,MEDIA,False,False,"['gold', 'silver']"
60cafd2e523f9a0bc1fb40af,Toilet Love,Hindi,2021,movie,MEDIA,False,False,"['gold', 'silver']"
60cdf61043cc4b0bc9299d6c,Toilet Love - English,English,2021,movie,MEDIA,False,False,"['gold', 'silver']"
60cdf8dc37c2580bc9cf7700,Toilet Love - Bhojpuri,Bhojpuri,2021,movie,MEDIA,False,False,"['gold', 'silver']"
60cdfb2f72b3470bce59fc29,Toilet Love - Tamil,Tamil,2021,movie,MEDIA,False,False,"['gold', 'silver']"
60cdfd3943cc4b0bc929a0e9,Toilet Love - Telugu,Telugu,2021,movie,MEDIA,False,False,"['gold', 'silver']"
61cad2aa0ab37b0b938f3bd7,Rupay 500,Hindi,2021,series,MEDIA,False,False,"['gold', 'silver']"
61caee3fd2bc5e0ba863c873,Rupay 500 - English,English,2021,series,MEDIA,False,False,"['gold', 'silver']"
61cb025bcfd41e0bb12e151d,Rupay 500 - Bhojpuri,Bhojpuri,2021,series,MEDIA,False,False,"['gold', 'silver']"
61cbfacc3d5bec0b9fe3a6ec,Rupay 500 - Telugu,Telugu,2021,series,MEDIA,False,False,"['gold', 'silver']"
61cc05b2cfd41e0bb1318106,Rupay 500 - Tamil,Tamil,2021,series,MEDIA,False,False,"['gold', 'silver']"
60c213c8de24860b9d4695a6,Madhosh Diaries ( Good Wife ),Hindi,2021,movie,MEDIA,False,False,"['gold', 'silver']"
60dc42e14dc29c0b880b5a87,Madhosh Diaries ( Good Wife ) - English,English,2021,movie,MEDIA,False,False,"['gold', 'silver']"
60dc54adbfef880bb9807ff5,Madhosh Diaries ( Good Wife ) Bhojpuri,Bhojpuri,2021,movie,MEDIA,False,False,"['gold', 'silver']"
60dc56b207eb330bb3545cda,Madhosh Diaries ( Good Wife ) Tamil,Tamil,2021,movie,MEDIA,False,False,"['gold', 'silver']"
60b8d8ff204e6d0ba2fd74c3,"""PRABHA KI DIARY - S2 THE HOUSEWIFE"" ( PART 4 )",Hindi,2021,series,MEDIA,False,False,"['gold', 'silver']"
60b8e13ef2238b0bcae92945," ""PRABHA KI DIARY - S2 THE HOUSEWIFE"" ( PART 4 ) Bhojpuri",Bhojpuri,2021,series,MEDIA,False,False,"['gold', 'silver']"
60b8e6c9cfabb10b8199834a," ""PRABHA KI DIARY - S2 THE HOUSEWIFE"" ( PART 4 ) Tamil",Tamil,2021,series,MEDIA,False,False,"['gold', 'silver']"
60b8ecddcfabb10b81998558," ""PRABHA KI DIARY - S2 THE HOUSEWIFE"" ( PART 4 ) Telugu",Telugu,2021,series,MEDIA,False,False,"['gold', 'silver']"
60b8f1e5cfabb10b81998757," ""PRABHA KI DIARY - S2 THE HOUSEWIFE"" ( PART 4 ) English",English,2021,series,MEDIA,False,False,"['gold', 'silver']"
60b6058f7850770b89ca4fe7,Dil Hai Seedha Sadha,Hindi,2021,movie,MEDIA,True,False,"['gold', 'silver']"
6152af9c30b4da0b92ba7a66,The Last Show,Hindi,2021,movie,MEDIA,False,False,"['gold', 'silver']"
6155b5713ccaff0b94202146,The Last Show - Bhojpuri,Bhojpuri,2021,movie,MEDIA,False,False,"['gold', 'silver']"
6155b941b151770ba7957dbf,The Last Show - English,English,2021,movie,MEDIA,False,False,"['gold', 'silver']"
6155c14f8d5f0d0bbc96a3f0,The Last Show - Tamil,Tamil,2021,movie,MEDIA,False,False,"['gold', 'silver']"
6155c5768d5f0d0bbc96aac7,The Last Show - Telugu,Telugu,2021,movie,MEDIA,False,False,"['gold', 'silver']"
611e6927bb88200b7e16b172,Auction ( Bhojpuri ),Bhojpuri,2021,movie,MEDIA,False,False,"['gold', 'silver']"
611e6fa3e2ebf80baa9aa4c0,Auction ( English ),English,2021,movie,MEDIA,False,False,"['gold', 'silver']"
611f399eaa85b80c1dda0643,Auction ( Tamil ),Tamil,2021,movie,MEDIA,False,False,"['gold', 'silver']"
611f3ce2a57d390bbf532800,Auction ( Telugu ),Telugu,2021,movie,MEDIA,False,False,"['gold', 'silver']"
60afb4373f11b50c1e099cee,Naye Padosi,Hindi,2021,movie,MEDIA,False,False,"['gold', 'silver']"
61a7378f91c5e20badcc1cba,Naye Padosi - English,English,2021,movie,MEDIA,False,False,"['gold', 'silver']"
61a73799ed22ed0ba80cfb29,Naye Padosi - Tamil,Tamil,2021,movie,MEDIA,False,False,['silver']
61a73a6fed22ed0ba80d0486,Naye Padosi - Telugu,Telugu,2021,movie,MEDIA,False,False,"['gold', 'silver']"
60a66f107a5a8e0baaf34678,Salahkaar,Hindi,2021,movie,MEDIA,False,False,"['gold', 'silver']"
61433ff2c815720ba462ecdf,Adhuri Mai Hoon,Hindi,2021,movie,MEDIA,True,False,"['gold', 'silver']"
61449f85be823f0b89506b1a,Salahkaar - Bhojpuri,Bhojpuri,2021,movie,MEDIA,False,False,"['gold', 'silver']"
6144a307be823f0b8950734f,Salahkaar - English,English,2021,movie,MEDIA,False,False,"['gold', 'silver']"
6144a8c75a27a10bc4cc66aa,Salahkaar - Tamil,Tamil,2021,movie,MEDIA,False,False,"['gold', 'silver']"
6144b4d09a1c210b8173e2c7,Salahkaar - Telugu,Telugu,2021,movie,MEDIA,False,False,"['gold', 'silver']"
61433ddfbe823f0b894ade66,Aa Tod De Dil,Hindi,2021,movie,MEDIA,True,False,"['gold', 'silver']"
615446b68d5f0d0bbc92eb27,Paro,Hindi,2021,movie,MEDIA,False,False,"['gold', 'silver']"
615bf97230b4da0b92d6674e,Paro - Bhojpuri,Bhojpuri,2021,movie,MEDIA,False,False,"['gold', 'silver']"
615bfd34b151770ba7a7418c,Paro - English,English,2021,movie,MEDIA,False,False,"['gold', 'silver']"
615c0530b6c4470c3ccde1f4,Paro - Tamil,Tamil,2021,movie,MEDIA,False,False,"['gold', 'silver']"
615c0a021193da0bd938905d,Paro - Telugu,Telugu,2021,movie,MEDIA,False,False,"['gold', 'silver']"
6173e7cfd537d70bc6b03cc7,Aate Ki Chakki,Hindi,2021,movie,MEDIA,False,False,"['gold', 'silver']"
61740cf8d537d70bc6b08ef2,Aate Ki Chakki - Bhojpuri,Bhojpuri,2021,movie,MEDIA,False,False,"['gold', 'silver']"
617411d0d537d70bc6b09783,Aate Ki Chakki - English,English,2021,movie,MEDIA,False,False,"['gold', 'silver']"
617416984010690ba683f6d1,Aate Ki Chakki - Tamil,Tamil,2021,movie,MEDIA,False,False,"['gold', 'silver']"
6174297fd537d70bc6b0c7b0,Aate Ki Chakki - Telugu,Telugu,2021,movie,MEDIA,False,False,"['gold', 'silver']"
64b0175c37269e0bd54eda08,Lovely Massage Parlour,Hindi,2021,movie,MEDIA,False,False,"['gold', 'silver']"
6155770e1193da0bd925407c,Laal Lihaaf,Hindi,2021,movie,MEDIA,False,False,"['gold', 'silver']"
615aa4ff1193da0bd934b461,Laal Lihaaf - English,English,2021,movie,MEDIA,False,False,"['gold', 'silver']"
615aa9d4b6c4470c3cc967b4,Laal Lihaaf - Bhojpuri,Bhojpuri,2021,movie,MEDIA,False,False,"['gold', 'silver']"
615aaeb93ccaff0b942fc9b7,Laal Lihaaf - Tamil,Tamil,2021,movie,MEDIA,False,False,"['gold', 'silver']"
615ab37e8d5f0d0bbca623e0,Laal Lihaaf - Telugu,Telugu,2021,movie,MEDIA,False,False,"['gold', 'silver']"
607e5b6575a9870c81d4fbc5,Saali Aadhi Gharwaali,Hindi,2021,movie,MEDIA,False,False,"['gold', 'silver']"
608007709fe6f80cbc350661,Third Eye (English),English,2021,movie,MEDIA,False,False,"['gold', 'silver']"
60791d199b4b3e0c7faaef76,Wanna Have A Good Time : Marathi,Marathi,2021,movie,MEDIA,False,False,"['gold', 'silver']"
60791fef425dea0c952bab7d,Wanna Have A Good Time : Gujrati,Gujrati,2021,movie,MEDIA,False,False,"['gold', 'silver']"
60792c291ad5ce0c76abfb1e,Wanna Have A Good Time : Bengali,Bengali,2021,movie,MEDIA,False,False,"['gold', 'silver']"
607933ef425dea0c952bd325,Wanna Have A Good Time : Bhojpuri,Bhojpuri,2021,movie,MEDIA,False,False,"['gold', 'silver']"
6079523f425dea0c952c2525,Wanna Have A Good Time : Tamil,Tamil,2021,movie,MEDIA,False,False,"['gold', 'silver']"
607c589a988ab50c88030407,Meri Padosan,Hindi,2021,movie,MEDIA,False,False,"['gold', 'silver']"
6080042a2db8aa0c9512efe9,Meri Padosan - Bhojpuri,Bhojpuri,2021,movie,MEDIA,False,False,"['gold', 'silver']"
6080048f1bec4a0c7ed1fe31,Meri Padosan - English,English,2021,movie,MEDIA,False,False,"['gold', 'silver']"
608004a02db8aa0c9512f0aa,Meri Padosan - Tamil,Tamil,2021,movie,MEDIA,False,False,"['gold', 'silver']"
608004a79fe6f80cbc350156,Meri Padosan - Telugu,Telugu,2021,movie,MEDIA,False,False,"['gold', 'silver']"
6077d7d569806e0ca112b126,Bekaboo Dil - Telugu,Telugu,2021,movie,MEDIA,False,False,"['gold', 'silver']"
6077db8c50b5f20c7f90c8d2,Bekaboo Dil - Tamil,Tamil,2021,movie,MEDIA,False,False,"['gold', 'silver']"
6077e71b1ad5ce0c76a50b22,Bekaboo Dil - English,English,2021,movie,MEDIA,False,False,"['gold', 'silver']"
60800658bb69b00ca099cafe,Saali Aadhi Gharwaali - Tamil,Tamil,2021,movie,MEDIA,False,False,"['gold', 'silver']"
60769bd469806e0ca10b0260,Aadha Adhura Pyaar - English,English,2021,movie,MEDIA,False,False,"['gold', 'silver']"
6076b16ed2f44b0c8bff85fb,Aadha Adhura Pyaar - Tamil,Tamil,2021,movie,MEDIA,False,False,"['gold', 'silver']"
6076b3ac02a1e90c9dc55d78,Aadha Adhura Pyaar - Telugu,Telugu,2021,movie,MEDIA,False,False,"['gold', 'silver']"
6076b62302a1e90c9dc56416,Aadha Adhura Pyaar - Bhojpuri,Bhojpuri,2021,movie,MEDIA,False,False,"['gold', 'silver']"
6076b983cf2a690c93bc97bc,"""PRABHA KI DIARY - S2 HONEYMOON SPECIAL"" ( PART 3 ) : English",English,2021,series,MEDIA,False,False,"['gold', 'silver']"
6076bd08d2f44b0c8bffaf1d,"""PRABHA KI DIARY - S2 HONEYMOON SPECIAL"" ( PART 3 ) : Bhojpuri",Bhojpuri,2021,series,MEDIA,False,False,"['gold', 'silver']"
6076bf0fcf2a690c93bcb1fe,"""PRABHA KI DIARY - S2 HONEYMOON SPECIAL"" ( PART 3 ) : Tamil",Tamil,2021,series,MEDIA,False,False,"['gold', 'silver']"
6076c26b69806e0ca10b8c81,"""PRABHA KI DIARY - S2 HONEYMOON SPECIAL"" ( PART 3 ) : Telugu",Telugu,2021,series,MEDIA,False,False,"['gold', 'silver']"
607d8eb575a9870c81d302cd,Third Eye,Hindi,2021,movie,MEDIA,False,False,"['gold', 'silver']"
6062c763186ce50ca0363098,Shor - Bhojpuri,Bhojpuri,2021,movie,MEDIA,False,False,"['gold', 'silver']"
6028c60b869aec0ca4db8cbe,"""PRABHA KI DIARY - S2 THE WIFE"" ( PART 2 )",Hindi,2021,series,MEDIA,False,False,"['gold', 'silver']"
6062c37931e7da0c9ded8702,Aao Aao Zara,Hindi,2021,movie,MEDIA,False,False,"['gold', 'silver']"
6062c5a7649c2c0c9316c8b0,Beliye we,Hindi,2021,movie,MEDIA,False,False,"['gold', 'silver']"
6062c6fcf4b0b90c92455dfd,Dance Govinda,Hindi,2021,movie,MEDIA,False,False,"['gold', 'silver']"
6062cac18092580c94fd0595,Dalal Ki Sadak Hai,Hindi,2021,movie,MEDIA,False,False,"['gold', 'silver']"
6062d007649c2c0c9316dfee,Har Lamha Bas,Hindi,2021,movie,MEDIA,False,False,"['gold', 'silver']"
6062d1f6649c2c0c9316e44d,Hui Jab Khushi Ki Baat,Hindi,2021,movie,MEDIA,False,False,"['gold', 'silver']"
6062d39af4b0b90c9245798e,Jogiya,Hindi,2021,movie,MEDIA,False,False,"['gold', 'silver']"
6062d57f31e7da0c9dedb2c7,Kya Baat Hai,Hindi,2021,movie,MEDIA,False,False,"['gold', 'silver']"
6062d6d28092580c94fd2553,Kyon Tum Chale Gaye,Hindi,2021,movie,MEDIA,False,False,"['gold', 'silver']"
6062eb9d31e7da0c9dee9755,Dastoor Ishq Ka,Hindi,2021,movie,MEDIA,False,False,"['gold', 'silver']"
6062ecf8186ce50ca0369c84,Kati Patang,Hindi,2021,movie,MEDIA,False,False,"['gold', 'silver']"
6062f08b186ce50ca036a9f3,Lovely Ho Gayi Yaar,Hindi,2021,movie,MEDIA,False,False,"['gold', 'silver']"
6062f276186ce50ca036b0b7,Main Hoon Mona,Hindi,2021,movie,MEDIA,False,False,"['gold', 'silver']"
6062f3ddf4b0b90c9245e2e0,Main Nikhar Na Jau,Hindi,2021,movie,MEDIA,False,False,"['gold', 'silver']"
6062f76e8092580c94fd8df5,Manchala,Hindi,2021,movie,MEDIA,False,False,"['gold', 'silver']"
6062f8f78092580c94fd925c,Meri Dil ki Chahat,Hindi,2021,movie,MEDIA,False,False,"['gold', 'silver']"
6062fa9e31e7da0c9deec79f,Mona Ki Yahi Kahani,Hindi,2021,movie,MEDIA,False,False,"['gold', 'silver']"
6062fcfe8092580c94fd9d5f,Party Saari Raat Chalegi,Hindi,2021,series,MEDIA,False,False,"['gold', 'silver']"
6062ff29f4b0b90c924601d6,Resham Resham,Hindi,2021,movie,MEDIA,False,False,"['gold', 'silver']"
606300a631e7da0c9deed781,Seene Mai Hai,Hindi,2021,movie,MEDIA,False,False,"['gold', 'silver']"
606306aa31e7da0c9deee5d8,Tere Aansu Na Sah Sake,Hindi,2021,movie,MEDIA,False,False,"['gold', 'silver']"
6063084e649c2c0c931786e2,Tere Bina Main,Hindi,2021,movie,MEDIA,False,False,"['gold', 'silver']"
60630adb649c2c0c93178c5b,Teri Meri Kahani Baki,Hindi,2021,movie,MEDIA,False,False,"['gold', 'silver']"
60630cbf649c2c0c93178ff8,Wo Banjara,Hindi,2021,movie,MEDIA,False,False,"['gold', 'silver']"
60630e8665ad010ca51d0419,Yaadein Mohabbat Ki,Hindi,2021,movie,MEDIA,False,False,"['gold', 'silver']"
606311e4f4b0b90c92462a2b,Yeh Ishq Ka Nazrana,Hindi,2021,movie,MEDIA,False,False,"['gold', 'silver']"
616ffd98b6c4470c3c0a2845,Jane Anjane Mein - 4,Hindi,2021,series,MEDIA,False,False,"['gold', 'silver']"
60597f33da15d80c7aede51b,Possessed Love,Hindi,2021,movie,MEDIA,False,False,"['gold', 'silver']"
61c0816785abbc0bbf0dc7e6,Teri Mohabbat Main,Hindi,2021,movie,MEDIA,True,False,"['gold', 'silver']"
61b845c185abbc0bbff5d4fc,Tabaah,Hindi,2021,movie,MEDIA,True,False,"['gold', 'silver']"
6051acca9ddf390cc1ee5388,Chawl House,Hindi,2021,movie,MEDIA,False,False,"['gold', 'silver']"
6051af3a2830a80c94c16048,Chawl House - English,English,2021,movie,MEDIA,False,False,"['gold', 'silver']"
6051bcd69ddf390cc1ee6b0b,Chawl House - Bhojpuri,Bhojpuri,2021,movie,MEDIA,False,False,"['gold', 'silver']"
6051bfb3bb218f0ca241fe54,Chawl House - Tamil,Tamil,2021,movie,MEDIA,False,False,"['gold', 'silver']"
6051c1fdd038520c86246485,Chawl House - Telugu,Telugu,2021,movie,MEDIA,False,False,"['gold', 'silver']"
604b3b7e59ace10cb0dc149c,Riti Riwaj ( Taala Chaabi )- Bhojpuri,Hindi,2021,movie,MEDIA,False,False,"['gold', 'silver']"
6062d84365ad010ca51c6942,Dhol Wajda,Hindi,2021,movie,MEDIA,False,False,"['gold', 'silver']"
61b799b3de27270c53a69d1b,Assi Nabbe Poore Sau,Hindi,2021,movie,MEDIA,False,False,"['gold', 'silver']"
604b4774391c180c93fc4291,Gaon Ki Garmi  - Bhojpuri,Bhojpuri,2021,movie,MEDIA,False,False,"['gold', 'silver']"
604b3fd659ace10cb0dc26d1,Riti Riwaj ( Taala Chaabi ) - Tamil,Tamil,2021,movie,MEDIA,False,False,"['gold', 'silver']"
604b423d0e4eb90d32b8ceca,Riti Riwaj ( Taala Chaabi ) - Telugu,Telugu,2021,movie,MEDIA,False,False,"['gold', 'silver']"
604b3dc60e4eb90d32b8bd17,Riti Riwaj ( Taala Chaabi ) - English,English,2021,movie,MEDIA,False,False,"['gold', 'silver']"
604b49a76a15ea0c79cee599,Gaon Ki Garmi - English,English,2021,movie,MEDIA,False,False,"['gold', 'silver']"
604b4b960e4eb90d32b8f00c,Gaon Ki Garmi  - Telugu,Telugu,2021,movie,MEDIA,False,False,"['gold', 'silver']"
604b4dbd0e4eb90d32b8f6fb,Gaon Ki Garmi  - Tamil,Tamil,2021,movie,MEDIA,False,False,"['gold', 'silver']"
6062c3c8649c2c0c9316c490,Possessed Love - Bhojpuri,Bhojpuri,2021,movie,MEDIA,False,False,"['gold', 'silver']"
6173f62458895c0c41d4ebae,Teri Aankhen,Hindi,2021,movie,MEDIA,True,False,"['gold', 'silver']"
6218f9dd9431b90bc7af9898,Good Night,Hindi,2021,movie,MEDIA,False,False,"['gold', 'silver']"
60640ff7320d800c7aa2e8fd,"""PRABHA KI DIARY - S2 HONEYMOON SPECIAL"" ( PART 3 )",Hindi,2021,series,MEDIA,False,False,"['gold', 'silver']"
6028cba95333340c8c7944ba,Caretaker,Hindi,2021,movie,MEDIA,False,False,"['gold', 'silver']"
60341258d265dd0ca6e24c91,Caretaker - Tamil,Tamil,2021,movie,MEDIA,False,False,"['gold', 'silver']"
603564a3f901f90c88a25644,Anniversary Surprise (Punjabi),Punjabi,2019,movie,MEDIA,False,False,"['gold', 'silver']"
61a9ea5d6798c70ba40a2246,Sajda Tera,Hindi,2021,movie,MEDIA,True,False,"['gold', 'silver']"
60799ee89b4b3e0c7fabfb11,Gandu - Marathi,Marathi,2019,movie,MEDIA,False,False,"['gold', 'silver']"
601c153ff81b3b0d16823820,"""PRABHA KI DIARY - S2 DIL SE...LEKIN"" ( PART 1 )",Hindi,2021,series,MEDIA,False,False,"['gold', 'silver']"
61a1e16e71b9df0b9dda48c8,AANA SAJAN,Hindi,2021,movie,MEDIA,True,False,"['gold', 'silver']"
601c17d5c10d170c85ee313a,Riti Riwaj ( Pinjara ),Hindi,2021,movie,MEDIA,False,False,"['gold', 'silver']"
601c1a67f81b3b0d16823dbf,Double Dhamaka,Hindi,2021,movie,MEDIA,False,False,"['gold', 'silver']"
6079803f9b4b3e0c7fabd7c6,The Choice ( Gujrati ),Gujrati,2019,movie,MEDIA,False,False,"['gold', 'silver']"
607996bb1ad5ce0c76ad5b91,Guardian - Tamil,Tamil,2018,movie,MEDIA,False,False,"['gold', 'silver']"
6007d270a257120ca33e00f8,Highway,Hindi,2021,movie,MEDIA,False,False,"['gold', 'silver']"
603402a5d265dd0ca6e215bb,Behrupiya - English,English,2019,movie,MEDIA,False,False,"['gold', 'silver']"
6034036c5bfa870c8efb493a,Behrupiya - Telugu,Telugu,2019,movie,MEDIA,False,False,"['gold', 'silver']"
603403de06eb8e0d08c2379e,Behrupiya - Bhojpuri,Bhojpuri,2019,movie,MEDIA,False,False,"['gold', 'silver']"
6034046f06eb8e0d08c23971,Highway - Telugu,Telugu,2019,movie,MEDIA,False,False,"['gold', 'silver']"
603405385bfa870c8efb4e5b,Highway - English,English,2019,movie,MEDIA,False,False,"['gold', 'silver']"
60340628d265dd0ca6e2245c,Highway - Bhojpuri,Bhojpuri,2019,movie,MEDIA,False,False,"['gold', 'silver']"
60340707f4b9dc0c93fae366,Karna Zaruri Hai - English,English,2019,movie,MEDIA,False,False,"['gold', 'silver']"
6034079e06eb8e0d08c24a18,Karna Zaruri Hai - Bhojpuri,Bhojpuri,2019,movie,MEDIA,False,False,"['gold', 'silver']"
6034081f01c42d0c93cbf202,Karna Zaruri Hai - Telugu,Telugu,2019,movie,MEDIA,False,False,"['gold', 'silver']"
6035749ff901f90c88a2852c,Tadap (Bengali),Bengali,2020,movie,MEDIA,False,False,"['gold', 'silver']"
60340a2306eb8e0d08c25481,Mom And Daughter - Bhojpuri,Bhojpuri,2019,movie,MEDIA,False,False,"['gold', 'silver']"
616e9e631193da0bd9744af2,Jane Anjane Mein 3,Hindi,2021,series,MEDIA,False,False,"['gold', 'silver']"
616fc2503ccaff0b946ea0a8,Jane Anjane Mein 3 - Bhojpuri,Bhojpuri,2021,series,MEDIA,False,False,"['gold', 'silver']"
616fc3c13ccaff0b946ea458,Jane Anjane Mein 3 - English,English,2021,series,MEDIA,False,False,"['gold', 'silver']"
616fdef33ccaff0b946eee67,Jane Anjane Mein 3 - Tamil,Tamil,2021,series,MEDIA,False,False,"['gold', 'silver']"
616fe0b13ccaff0b946ef425,Jane Anjane Mein 3 - Telugu,Telugu,2021,series,MEDIA,False,False,"['gold', 'silver']"
61713b0030b4da0b9217c2de,Jane Anjane Mein 4 - Bhojpuri,Bhojpuri,2021,series,MEDIA,False,False,"['gold', 'silver']"
61713db9b151770ba7ee4ddd,Jane Anjane Mein 4 - English,English,2021,series,MEDIA,False,False,"['gold', 'silver']"
617142841193da0bd97caeef,Jane Anjane Mein 4 - Tamil,Tamil,2021,series,MEDIA,False,False,"['gold', 'silver']"
617144091193da0bd97cb334,Jane Anjane Mein 4 - Telugu,Telugu,2021,series,MEDIA,False,False,"['gold', 'silver']"
623325e1b4c7770bb0f75aa5,Virgin Suspect,Hindi,2021,movie,MEDIA,False,False,"['gold', 'silver']"
6017c4ea29011f0c6c338e19,Promotion,Hindi,2021,movie,MEDIA,False,False,"['gold', 'silver']"
60799c703f1f490c84429d41,Generation Gap ( Bhojpuri ),Bhojpuri,2019,movie,MEDIA,False,False,"['gold', 'silver']"
600ba7b4b4e8460c95d34aa4,Ganika,Hindi,2021,movie,MEDIA,False,False,"['gold', 'silver']"
60357e2e073d9f0c8f717ad3,Halala (Bhojpuri),Bhojpuri,2020,movie,MEDIA,False,False,"['gold', 'silver']"
600bba80f6c3d40ca7429d86,Blue Lies,Hindi,2021,movie,MEDIA,True,False,"['gold', 'silver']"
600ebf9c3f32600cc54f625b,Prabha Ki Diary,Hindi,2021,movie,MEDIA,False,False,"['gold', 'silver']"
600e5a7e8c32fa0c9460a693,Woodpecker,Hindi,2021,movie,MEDIA,False,False,"['gold', 'silver']"
6017ac8381520d0ca29e8344,Catlady,Hindi,2021,movie,MEDIA,False,False,"['gold', 'silver']"
60798772fdde310c708d45af,Panchali ( Bengali ) - Trailer,Bengali,2019,movie,MEDIA,False,False,"['gold', 'silver']"
6079845d1ad5ce0c76ad46d8,Singardaan ( Punjabi ),Punjabi,2019,movie,MEDIA,False,False,"['gold', 'silver']"
61a7838de77af50be60ddb0c,Aao Tumhe,Hindi,2021,movie,MEDIA,True,False,"['gold', 'silver']"
61b7a136cd22a90bbb35aead,Janu Na,Hindi,2021,movie,MEDIA,True,False,"['gold', 'silver']"
6028ceac869aec0ca4db9976,Mom & Daughter,Hindi,2021,movie,MEDIA,False,False,"['gold', 'silver']"
639995d0c16df90bd27110b6,Mom & Daughter - Bhojpuri,Bhojpuri,2020,movie,MEDIA,False,False,"['gold', 'silver']"
63999979d5f6910bec27c90f,Mom & Daughter  - English,English,2020,movie,MEDIA,False,False,"['gold', 'silver']"
63999d37b1eb5f0bf11a3b4e,Mom & Daughter  - Tamil,Tamil,2020,movie,MEDIA,False,False,"['gold', 'silver']"
6399a017d5f6910bec27e8aa,Mom & Daughter  - Telugu,Telugu,2020,movie,MEDIA,False,False,"['gold', 'silver']"
6020e7eefe97880c9467e5ee,Peshawar,Hindi,2021,movie,MEDIA,False,False,"['gold', 'silver']"
60179fd981520d0ca29e74ce,Call Center,Hindi,2021,movie,MEDIA,False,False,"['gold', 'silver']"
6017b3714d01830c84e28b82,Role Play,Hindi,2021,movie,MEDIA,False,False,"['gold', 'silver']"
60191878403ee70ca236b654,Slip,Hindi,2021,movie,MEDIA,False,False,"['gold', 'silver']"
6197bbb3c599b80bbb06c1d9,I Never Let You Down,Hindi,2020,movie,MEDIA,True,False,"['gold', 'silver']"
61949ef3a9f8d30bb1486fde,Ishq Ki Pehli Baarish Mein,Hindi,2020,movie,MEDIA,True,False,"['gold', 'silver']"
61924505ab20e00b91859f46,Edda Ni Krida,Hindi,2020,movie,MEDIA,True,False,"['gold', 'silver']"
601a412429011f0c6c377ed1,Paper,Hindi,2021,movie,MEDIA,False,False,"['gold', 'silver']"
601d1f80d19e8c0c67ba4706,Ashuddhi ( Part 2 ),Hindi,2021,series,MEDIA,False,False,"['gold', 'silver']"
61619b31b151770ba7bac7a3,The Last Breath,Hindi,2020,movie,MEDIA,True,False,"['gold', 'silver']"
616932651193da0bd96169ba,Jane Anjane Mein 2,Hindi,2020,series,MEDIA,False,False,"['gold', 'silver']"
6004be3f1633290c99a400a0,Taxi,Hindi,2021,movie,MEDIA,False,False,"['gold', 'silver']"
601d1222d19e8c0c67ba2caa,Ashuddhi ( Part 1 ),Hindi,2021,series,MEDIA,False,False,"['gold', 'silver']"
617d477ed79e880be9357a27,Teri Ho Gaiyyan Mahi Ve,Hindi,2020,movie,MEDIA,True,False,"['gold', 'silver']"
60192584403ee70ca236c566,Wife In A Metro,Hindi,2021,movie,MEDIA,False,False,"['gold', 'silver']"
616eb5618d5f0d0bbce49c94,Mai Na Jaanu,Hindi,2020,movie,MEDIA,True,False,"['gold', 'silver']"
616eb6713ccaff0b946bc28c,Ban Meri Girlfriend,Hindi,2020,movie,MEDIA,True,False,"['gold', 'silver']"
616584a630b4da0b92f35aba,Dheere Dheere Jyaare Tu,Hindi,2020,movie,MEDIA,True,False,"['gold', 'silver']"
600b07ca683b470c89571191,Bhasudi,Hindi,2021,movie,MEDIA,False,False,"['gold', 'silver']"
6005d8728d4ce80d0b483c5c,Flat 69,Hindi,2021,series,MEDIA,False,False,"['gold', 'silver']"
617a5c379ac2c80bcee4100f,Flat 69 - Bhojpuri,Bhojpuri,2020,series,MEDIA,False,False,"['gold', 'silver']"
617a5ec758895c0c41e68a8b,Flat 69 - English,English,2020,series,MEDIA,False,False,"['gold', 'silver']"
617a6c3958895c0c41e6b1d1,Flat 69 - Tamil,Tamil,2020,series,MEDIA,False,False,"['gold', 'silver']"
617a710589d63a0bd4f47e91,Flat 69 - Telugu,Telugu,2020,series,MEDIA,False,False,"['gold', 'silver']"
6004b1a4b625610c90f840db,Pasta,Hindi,2021,movie,MEDIA,False,False,"['gold', 'silver']"
600bbc463347b50c93c450d1,Innocent,Hindi,2021,movie,MEDIA,False,False,"['gold', 'silver']"
6007dd98a257120ca33e0c02,Sex Education,Hindi,2021,movie,MEDIA,False,False,"['gold', 'silver']"
618bc1939018610bddb574da,Sex Education - Bhojpuri,Bhojpuri,2020,movie,MEDIA,False,False,"['gold', 'silver']"
618bc7776685e50bcec8f51a,Sex Education - English,English,2020,movie,MEDIA,False,False,"['gold', 'silver']"
618bcd989018610bddb58bb5,Sex Education - Tamil,Tamil,2020,movie,MEDIA,False,False,"['gold', 'silver']"
618bd0366685e50bcec904ac,Sex Education - Telugu,Telugu,2020,movie,MEDIA,False,False,"['gold', 'silver']"
6161a1b13ccaff0b944468ba,Zinda,Hindi,2020,movie,MEDIA,True,False,"['gold', 'silver']"
600afc53e475c50c7cff3e6b,Sunny Winter,Hindi,2021,movie,MEDIA,False,False,"['gold', 'silver']"
6004e2923832980c75000534,Riti Riwaj ( Haldi ),Hindi,2021,movie,MEDIA,False,False,"['gold', 'silver']"
600aab520386fc0c60398ca6,Kasak,Hindi,2021,movie,MEDIA,False,False,"['gold', 'silver']"
6004dfff3832980c750002c0,Riti Riwaj ( Tijarat ),Hindi,2021,movie,MEDIA,False,False,"['gold', 'silver']"
600bc0a43347b50c93c4561c,Ishq Kills,Hindi,2021,series,MEDIA,False,False,"['gold', 'silver']"
658af2088d44750c71f71c8e,Ishq Kills,Hindi,2020,series,MEDIA,True,False,"['gold', 'silver']"
6123348fd75e2f0ba82eccdc,Riti Riwaj ( Love Festival ) Bhojpuri,Bhojpuri,2020,movie,MEDIA,False,False,"['gold', 'silver']"
61233620e2ebf80baaa76cb4,Riti Riwaj ( Love Festival ) - English,English,2020,movie,MEDIA,False,False,"['gold', 'silver']"
612337b4b6e4cc0bb464254b,Riti Riwaj ( Love Festival ) - Tamil,Tamil,2020,movie,MEDIA,False,False,"['gold', 'silver']"
61233965a57d390bbf5dbb96,Riti Riwaj ( Love Festival ) - Telugu,Telugu,2020,movie,MEDIA,False,False,"['gold', 'silver']"
6004bbc31633290c99a3ff10,Smartphone,Hindi,2021,movie,MEDIA,False,False,"['gold', 'silver']"
601933fc81520d0ca2a04885,Love Is Blind,Hindi,2021,movie,MEDIA,True,False,"['gold', 'silver']"
6004e8c5f7bee90c817faf60,Kavita Bhabhi Season 2,Hindi,2021,series,MEDIA,False,False,"['gold', 'silver']"
624daa38665e2d0bcf0f52c2,Kavita Bhabhi Season 2 - Bhojpuri,Bhojpuri,2020,series,MEDIA,False,False,"['gold', 'silver']"
624dace82508bd0bd491f40c,Kavita Bhabhi Season 2 - English,English,2020,series,MEDIA,False,False,"['gold', 'silver']"
624db106d5345f0bcaf01a78,Kavita Bhabhi Season 2 - Tamil,Tamil,2020,series,MEDIA,False,False,"['gold', 'silver']"
624e88d43325a90bcb906e92,Kavita Bhabhi Season 2 - Telugu,Telugu,2020,series,MEDIA,False,False,"['gold', 'silver']"
6007d6cae6602e0d301c574c,Jane Anjane Mein,Hindi,2021,movie,MEDIA,False,False,"['gold', 'silver']"
616aadc68d5f0d0bbcd74dcf,Jane Anjane Mein - Bhojpuri,Bhojpuri,2020,movie,MEDIA,False,False,"['gold', 'silver']"
616ab02b3ccaff0b945f3551,Jane Anjane Mein - English,English,2020,movie,MEDIA,False,False,"['gold', 'silver']"
616ab25bb6c4470c3cfa0f1d,Jane Anjane Mein - Tamil,Tamil,2020,movie,MEDIA,False,False,"['gold', 'silver']"
616e96d53ccaff0b946b5d12,Jane Anjane Mein - Telugu,Telugu,2020,movie,MEDIA,False,False,"['gold', 'silver']"
600ec21be289f90c68eadffd,Riti Riwaj ( Water Wives ),Hindi,2021,series,MEDIA,False,False,"['gold', 'silver']"
600e718ae289f90c68e9f274,The Bull Of Dalal Street,Hindi,2021,movie,MEDIA,False,False,"['gold', 'silver']"
60082b004dec680c7633cce0,Trapped,Hindi,2021,movie,MEDIA,False,False,"['gold', 'silver']"
600aa348683b470c895679ed,Khul Ja Sim Sim,Hindi,2021,movie,MEDIA,False,False,"['gold', 'silver']"
6004e5c23832980c75000860,Kavita Bhabhi,Hindi,2020,movie,MEDIA,False,False,"['gold', 'silver']"
623ad458ae4f0c0bd7723b2f,Kavita Bhabhi - English,English,2020,movie,MEDIA,False,False,"['gold', 'silver']"
624d5749f571210be56039e7,Kavita Bhabhi - Bhojpuri,Bhojpuri,2020,movie,MEDIA,False,False,"['gold', 'silver']"
624d73eed5345f0bcaef8f5d,Kavita Bhabhi - Tamil,Tamil,2020,movie,MEDIA,False,False,"['gold', 'silver']"
624d789c665e2d0bcf0eea67,Kavita Bhabhi - Telugu,Telugu,2020,movie,MEDIA,False,False,"['gold', 'silver']"
6007d3e9e6602e0d301c54c2,Humse Na Ho Payega,Hindi,2021,movie,MEDIA,False,False,"['gold', 'silver']"
614afc649a1c210b8187ceca,Dil Da Vasta,Hindi,2020,movie,MEDIA,True,False,"['gold', 'silver']"
614afcbe9a1c210b8187cfe8,Lahenga Laale Laal Re Raani,Hindi,2020,movie,MEDIA,True,False,"['gold', 'silver']"
614afdb584b2090c38b830e5,DIN SHAGNA DA,Hindi,2020,movie,MEDIA,True,False,"['gold', 'silver']"
614afeb506928e0b9c2b019d,Faansi,Hindi,2020,movie,MEDIA,True,False,"['gold', 'silver']"
614affcb9a1c210b8187db17,Finger Print Choli,Hindi,2020,movie,MEDIA,True,False,"['gold', 'silver']"
614b008284b2090c38b83abf,Lakeeren,Hindi,2020,movie,MEDIA,True,False,"['gold', 'silver']"
614b00a484b2090c38b83b4c,Hey Sainath Tere Bhavan Mein,Hindi,2020,movie,MEDIA,True,False,"['gold', 'silver']"
614b018f84b2090c38b83ea6,Holi Hai Aego Pichkari,Hindi,2020,movie,MEDIA,True,False,"['gold', 'silver']"
614b028e06928e0b9c2b0f11,Holi Sa Ra Ra Ra,Hindi,2020,movie,MEDIA,True,False,"['gold', 'silver']"
614b036cbe823f0b896415e4,Holiya mein Jaan Chali,Hindi,2020,movie,MEDIA,True,False,"['gold', 'silver']"
614b04885a27a10bc4df6f60,Ishq ki Baatein,Hindi,2020,movie,MEDIA,True,False,"['gold', 'silver']"
614b05cd84b2090c38b84d57,Jila Maharajganj Ghuma Do Piya,Hindi,2020,movie,MEDIA,True,False,"['gold', 'silver']"
614b07b5c815720ba47e2cc8,Judaiyaan,Hindi,2020,movie,MEDIA,True,False,"['gold', 'silver']"
614b08695a27a10bc4df7bc1,Maliya Farar Hogail,Hindi,2020,movie,MEDIA,True,False,"['gold', 'silver']"
614b08c6c815720ba47e306d,Kahani,Hindi,2020,movie,MEDIA,True,False,"['gold', 'silver']"
614b09bebe823f0b89642a51,Kato ta Basle,Hindi,2020,movie,MEDIA,True,False,"['gold', 'silver']"
614b0ab65a27a10bc4df83b1,Khamoshiya,Hindi,2020,movie,MEDIA,True,False,"['gold', 'silver']"
614b0bacbe823f0b896430d8,Kya Scene Hai,Hindi,2020,movie,MEDIA,True,False,"['gold', 'silver']"
6155f3f53ccaff0b9420be94,Bari Barsi Khatan Gaya Si,Hindi,2020,movie,MEDIA,True,False,"['gold', 'silver']"
6155f5af30b4da0b92c3d5fa,Jabse Tainu Wekha Hai,Hindi,2020,movie,MEDIA,True,False,"['gold', 'silver']"
6155f7278d5f0d0bbc9740cc,Krishna Krishna,Hindi,2020,movie,MEDIA,True,False,"['gold', 'silver']"
6155fa691193da0bd926a674,Kuch Toh Hai,Hindi,2020,movie,MEDIA,True,False,"['gold', 'silver']"
6155fb7b30b4da0b92c3fb03,Madhubala,Hindi,2020,movie,MEDIA,True,False,"['gold', 'silver']"
6155fccd1193da0bd926b63e,Rangeeli Holi,Hindi,2020,movie,MEDIA,True,False,"['gold', 'silver']"
6155fe898d5f0d0bbc976ff1,Soni Akhiyaan,Hindi,2020,movie,MEDIA,True,False,"['gold', 'silver']"
61619819b151770ba7bac1fd,Tere Bina Mein Kaha,Hindi,2020,movie,MEDIA,True,False,"['gold', 'silver']"
6161995d30b4da0b92e69cdc,Teri Yadein,Hindi,2020,movie,MEDIA,True,False,"['gold', 'silver']"
600826365bcc4a0c8f79101c,Telephone Booth,Hindi,2021,movie,MEDIA,False,False,"['gold', 'silver']"
60082213683b470c8952fc86,Sautela Pyaar,Hindi,2021,movie,MEDIA,False,False,"['gold', 'silver']"
60081f3a5bcc4a0c8f790aa1,Sauda,Hindi,2021,movie,MEDIA,False,False,"['gold', 'silver']"
600b0338869ae80c99d5e3a5,Auction,Hindi,2021,series,MEDIA,False,False,"['gold', 'silver']"
6004d6438d4ce80d0b4653a2,Degree Wala Teacher,Hindi,2021,movie,MEDIA,False,False,"['gold', 'silver']"
61548204b151770ba790eaa3,Degree Wala Teacher - Bhojpuri,Bhojpuri,2019,movie,MEDIA,False,False,"['gold', 'silver']"
615483a5b151770ba790edc8,Degree Wala Teacher - English,English,2019,movie,MEDIA,False,False,"['gold', 'silver']"
6154846930b4da0b92bff529,Degree Wala Teacher - Tamil,Tamil,2019,movie,MEDIA,False,False,"['gold', 'silver']"
6154854830b4da0b92bff73f,Degree Wala Teacher - Telugu,Telugu,2019,movie,MEDIA,False,False,"['gold', 'silver']"
601ce1e0f81b3b0d1683dbd8,D-Code (Deewangi),Hindi,2021,movie,MEDIA,False,False,"['gold', 'silver']"
6007d8de5bcc4a0c8f784aa8,Kaamwali Bai,Hindi,2021,movie,MEDIA,False,False,"['gold', 'silver']"
6161844a8d5f0d0bbcba4858,Kaamwali Bai - Bhojpuri,Bhojpuri,2019,movie,MEDIA,False,False,"['gold', 'silver']"
616187c0b151770ba7baa486,Kaamwali Bai - English,English,2019,movie,MEDIA,False,False,"['gold', 'silver']"
616189a5b151770ba7baa881,Kaamwali Bai - Tamil,Tamil,2019,movie,MEDIA,False,False,"['gold', 'silver']"
61618c40b6c4470c3cddb710,Kaamwali Bai - Telugu,Telugu,2019,movie,MEDIA,False,False,"['gold', 'silver']"
600811ac683b470c8952ec9b,Pajama Party,Hindi,2021,series,MEDIA,False,False,"['gold', 'silver']"
618bba129018610bddb56814,Pajama Party - Bhojpuri,Bhojpuri,2019,series,MEDIA,False,False,"['gold', 'silver']"
618bbb8a94ddea0c457a2f49,Pajama Party - English,English,2019,series,MEDIA,False,False,"['gold', 'silver']"
618bbd0499e4340bce2e9317,Pajama Party - Tamil,Tamil,2019,series,MEDIA,False,False,"['gold', 'silver']"
618bbe349018610bddb56e89,Pajama Party - Telugu,Telugu,2019,series,MEDIA,False,False,"['gold', 'silver']"
600af6894dec680c76381f8d,Julie,Hindi,2021,movie,MEDIA,False,False,"['gold', 'silver']"
611f563ea57d390bbf537373,Julie ( Bhojpuri ),Bhojpuri,2019,movie,MEDIA,False,False,"['gold', 'silver']"
611f75a8aa85b80c1ddad85e,Julie ( English ),English,2019,movie,MEDIA,False,False,"['gold', 'silver']"
611f8ce6b6e4cc0bb45a10a3,Julie ( Tamil ),Tamil,2019,movie,MEDIA,False,False,"['gold', 'silver']"
611f91f1e2ebf80baa9eb7a2,Julie ( Telugu ),Telugu,2019,movie,MEDIA,False,False,"['gold', 'silver']"
600ad6bae475c50c7cff0ab7,Shubhratri,Hindi,2021,movie,MEDIA,False,False,"['gold', 'silver']"
6004dcad3832980c75ffffdd,Karna Zaruri Hai,Hindi,2021,movie,MEDIA,False,False,"['gold', 'silver']"
6004d2ecf7bee90c817f9cd3,Behrupiya,Hindi,2021,movie,MEDIA,False,False,"['gold', 'silver']"
6004d63a8d4ce80d0b465393,Ek Khwaab Suhaagrat,Hindi,2021,movie,MEDIA,False,False,"['gold', 'silver']"
600acf72b4e8460c95d1f735,Mom And Daughter,Hindi,2021,movie,MEDIA,False,False,"['gold', 'silver']"
6028d1fea2814a0cacd72506,Wanna Have A Good Time 2,Hindi,2021,series,MEDIA,False,False,"['gold', 'silver']"
6017b0b329011f0c6c32eb49,Caught,Hindi,2021,movie,MEDIA,False,False,"['gold', 'silver']"
600a767f683b470c89562898,#MeToo Wolf Of Bollywood,Hindi,2021,movie,MEDIA,False,False,"['gold', 'silver']"
60277a1696fb850c7135d362,Mona Home Delivery,Hindi,2021,movie,MEDIA,False,False,"['gold', 'silver']"
6017b66161462a0c78e1da3b,Bambai 4x4,Hindi,2021,series,MEDIA,False,False,"['gold', 'silver']"
600bc5c473ee9c0d2472ac05,Panchali,Hindi,2021,movie,MEDIA,False,False,"['gold', 'silver']"
600e645b81520d0ca28debda,3G Gaali Galoch Girls,Hindi,2021,series,MEDIA,False,False,"['gold', 'silver']"
600ae1384dec680c763802e5,Kirdaar,Hindi,2021,movie,MEDIA,False,False,"['gold', 'silver']"
601cf5df8e36d70c95a2a512,Right Or Wrong,Hindi,2021,movie,MEDIA,False,False,"['gold', 'silver']"
601d0b46cfde800c82127c95,The Host,Hindi,2021,movie,MEDIA,False,False,"['gold', 'silver']"
600bab5e0386fc0c603b15bc,Melting Cheese,Hindi,2021,movie,MEDIA,False,False,"['gold', 'silver']"
6033b107d141a90c9d44df77,Maid in India,Hindi,2021,movie,MEDIA,False,False,"['gold', 'silver']"
600ab6bc4dec680c7637d081,Halala,Hindi,2021,movie,MEDIA,False,False,"['gold', 'silver']"
6017cfea29011f0c6c339ccc,Mallika,Hindi,2021,series,MEDIA,False,False,"['gold', 'silver']"
60341022d265dd0ca6e2479d,Mallika - Tamil,Tamil,2019,movie,MEDIA,False,False,"['gold', 'silver']"
64b537cf2166d80be222a131,Inspiration,Hindi,2019,movie,MEDIA,True,False,"['gold', 'silver']"
600af4b64dec680c76381c6c,Ghapa Ghap,Hindi,2021,movie,MEDIA,False,False,"['gold', 'silver']"
601922d529011f0c6c35b670,The Mirror,Hindi,2021,movie,MEDIA,False,False,"['gold', 'silver']"
6019241b403ee70ca236c3b9,Whiskey Glass,Hindi,2021,movie,MEDIA,False,False,"['gold', 'silver']"
601927ec29011f0c6c35bc79,I See You,Hindi,2021,movie,MEDIA,True,False,"['gold', 'silver']"
60193557badd7a0c960020a5,Perfume,Hindi,2021,movie,MEDIA,True,False,"['gold', 'silver']"
6007e0875bcc4a0c8f785223,Dance Bar,Hindi,2021,movie,MEDIA,False,False,"['gold', 'silver']"
600acbe70386fc0c6039b8fa,Generation Gap,Hindi,2021,movie,MEDIA,False,False,"['gold', 'silver']"
600ba92fe475c50c7c005750,Le De Ke Bol,Hindi,2021,movie,MEDIA,False,False,"['gold', 'silver']"
600bb512f6c3d40ca7429686,The Producer,Hindi,2021,movie,MEDIA,False,False,"['gold', 'silver']"
600eb7548c32fa0c946112bd,Black Coffee,Hindi,2021,movie,MEDIA,False,False,"['gold', 'silver']"
600a60eee475c50c7cfe5578,The Choice,Hindi,2021,movie,MEDIA,False,False,"['gold', 'silver']"
601cee711523510c8d13684d,Anniversary Surprise,Hindi,2021,movie,MEDIA,False,False,"['gold', 'silver']"
649f04f5a62c4a0bc74bb995,The Cottage,Hindi,2019,movie,MEDIA,False,False,"['gold', 'silver']"
601cf3321523510c8d136f40,Gandu,Hindi,2021,movie,MEDIA,False,False,"['gold', 'silver']"
600a96a60386fc0c60396663,Singardaan,Hindi,2021,movie,MEDIA,False,False,"['gold', 'silver']"
600ade0d4dec680c7637ff2a,Guardian,Hindi,2021,series,MEDIA,False,False,"['gold', 'silver']"
64b1290aa9b06a0bdd8571d9,Sweet Lie,Hindi,2019,movie,MEDIA,False,False,"['gold', 'silver']"
6007eacda257120ca33e19fc,Dubey Ji & The Boys,Hindi,2021,movie,MEDIA,False,False,"['gold', 'silver']"
600a5b20683b470c89560324,Wanna Have A Good Time,Hindi,2021,movie,MEDIA,False,False,"['gold', 'silver']"
